0,0,-1,-1,-1,0,0,-1,-1,-1,0,0,-1,-1,-1,0,0,-1,-1,-1,0,0,-1,-1,-1,0,0,-1,-1,-1,0,0,-1,-1,-1,0,0,-1,-1,-1,0,0,-1,-1,-1,0,0,-1,-1,-1,0,0,-1,-1,-1,0,0,-1,-1,-1,0,0,-1,-1,-1,0,0,-1,-1,-1,0,0,-1,-1,-1,0,0,-1,-1,-1,0,0,-1,-1,-1,0,0,100,0,-1,0,0,-1,-1,-1,0,0,-1,-1,-1,0,0,-1,-1,-1,0,0,-1,-1,-1,0,0,-1,-1,-1,0,0,-1,-1,-1,0,0,-1,-1,-1,0,0,100,0,-1,0,0,-1,-1,-1,0,0,-1,-1,-1,0,0,-1,-1,-1,0,0,-1,-1,-1,0,0,-1,-1,-1,0,0,-1,-1,-1,0,0,-1,-1,-1,0,0,100,0,-1,0,0,-1,-1,-1,0,5,0,-1,-1,-1,0,0,-1,-1,-1,0,0,-1,-1,-1,0,0,-1,-1,-1,0,0,-1,-1,-1,0,0,-1,-1,-1,0,0,-1,-1,-1,0,0,-1,-1,-1,0,0,-1,-1,-1,0,0,-1,-1,-1,0,0,-1,-1,-1,0,0,-1,-1,-1,0,0,-1,-1,-1,0,0,-1,-1,-1,0,0,-1,-1,-1,0,0,-1,-1,-1,0,0,-1,-1,-1,0,0,50,50,-1,0,0,-1,-1,-1,0,0,-1,-1,-1,0,0,-1,-1,-1,0,0,-1,-1,-1,0,0,-1,-1,-1,0,0,-1,-1,-1,0,0,-1,-1,-1,0,0,100,0,-1,0,0,-1,-1,-1,0,0,-1,-1,-1,0,0,-1,-1,-1,0,0,-1,-1,-1,0,0,-1,-1,-1,0,0,-1,-1,-1,0,0,-1,-1,-1,0,0,100,0,-1,0,0,-1,-1,-1,0
1,0,-1,-1,-1,0,0,-1,-1,-1,0,0,-1,-1,-1,0,0,-1,-1,-1,0,0,-1,-1,-1,0,0,-1,-1,-1,0,0,-1,-1,-1,0,0,-1,-1,-1,0,0,-1,-1,-1,0,0,50,50,-1,0,0,-1,-1,-1,0,0,-1,-1,-1,0,0,-1,-1,-1,0,0,-1,-1,-1,0,0,-1,-1,-1,0,0,-1,-1,-1,0,0,-1,-1,-1,0,0,100,0,-1,0,0,-1,-1,-1,0,0,-1,-1,-1,0,0,-1,-1,-1,0,0,-1,-1,-1,0,0,-1,-1,-1,0,0,-1,-1,-1,0,0,-1,-1,-1,0,0,100,0,-1,0,0,-1,-1,-1,0,0,-1,-1,-1,0,0,-1,-1,-1,0,0,-1,-1,-1,0,0,-1,-1,-1,0,0,-1,-1,-1,0,0,-1,-1,-1,0,0,100,0,-1,0,0,-1,-1,-1,0,5,0,-1,-1,-1,0,0,-1,-1,-1,0,0,-1,-1,-1,0,0,-1,-1,-1,0,0,-1,-1,-1,0,0,-1,-1,-1,0,0,-1,-1,-1,0,0,-1,-1,-1,0,0,-1,-1,-1,0,0,50,50,-1,0,0,-1,-1,-1,0,0,-1,-1,-1,0,0,-1,-1,-1,0,0,-1,-1,-1,0,0,-1,-1,-1,0,0,-1,-1,-1,0,0,-1,-1,-1,0,0,50,50,-1,0,0,-1,-1,-1,0,0,-1,-1,-1,0,0,-1,-1,-1,0,0,-1,-1,-1,0,0,-1,-1,-1,0,0,-1,-1,-1,0,0,-1,-1,-1,0,0,100,0,-1,0,0,-1,-1,-1,0,0,-1,-1,-1,0,0,-1,-1,-1,0,0,-1,-1,-1,0,0,-1,-1,-1,0,0,-1,-1,-1,0,0,-1,-1,-1,0,0,100,0,-1,0,0,-1,-1,-1,0
2,0,-1,-1,-1,0,0,50,50,-1,0,0,-1,-1,-1,0,0,-1,-1,-1,0,0,-1,-1,-1,0,0,-1,-1,-1,0,0,-1,-1,-1,0,0,-1,-1,-1,0,0,-1,-1,-1,0,0,50,50,-1,0,0,-1,-1,-1,0,0,-1,-1,-1,0,0,-1,-1,-1,0,0,-1,-1,-1,0,0,-1,-1,-1,0,0,-1,-1,-1,0,0,-1,-1,-1,0,0,100,0,-1,0,0,-1,-1,-1,0,0,-1,-1,-1,0,0,-1,-1,-1,0,0,-1,-1,-1,0,0,-1,-1,-1,0,0,-1,-1,-1,0,0,-1,-1,-1,0,0,100,0,-1,0,0,-1,-1,-1,0,0,-1,-1,-1,0,0,-1,-1,-1,0,0,-1,-1,-1,0,0,-1,-1,-1,0,0,-1,-1,-1,0,0,-1,-1,-1,0,0,-1,-1,-1,0,0,-1,-1,-1,0,5,0,-1,-1,-1,0,0,50,50,-1,0,0,-1,-1,-1,0,0,-1,-1,-1,0,0,-1,-1,-1,0,0,-1,-1,-1,0,0,-1,-1,-1,0,0,-1,-1,-1,0,0,-1,-1,-1,0,0,50,50,-1,0,0,-1,-1,-1,0,0,-1,-1,-1,0,0,-1,-1,-1,0,0,-1,-1,-1,0,0,-1,-1,-1,0,0,-1,-1,-1,0,0,-1,-1,-1,0,0,50,50,-1,0,0,-1,-1,-1,0,0,-1,-1,-1,0,0,-1,-1,-1,0,0,-1,-1,-1,0,0,-1,-1,-1,0,0,-1,-1,-1,0,0,-1,-1,-1,0,0,100,0,-1,0,0,-1,-1,-1,0,0,-1,-1,-1,0,0,-1,-1,-1,0,0,-1,-1,-1,0,0,-1,-1,-1,0,0,-1,-1,-1,0,0,-1,-1,-1,0,0,-1,-1,-1,0,0,-1,-1,-1,0
3,0,-1,-1,-1,0,0,50,50,-1,0,0,-1,-1,-1,0,0,-1,-1,-1,0,0,-1,-1,-1,0,0,-1,-1,-1,0,0,-1,-1,-1,0,0,-1,-1,-1,0,0,-1,-1,-1,0,0,50,50,-1,0,0,-1,-1,-1,0,0,-1,-1,-1,0,0,-1,-1,-1,0,0,-1,-1,-1,0,0,-1,-1,-1,0,0,-1,-1,-1,0,0,-1,-1,-1,0,0,100,0,-1,0,0,-1,-1,-1,0,0,-1,-1,-1,0,0,-1,-1,-1,0,0,-1,-1,-1,0,0,-1,-1,-1,0,0,-1,-1,-1,0,0,-1,-1,-1,0,0,-1,-1,-1,0,0,-1,-1,-1,0,0,-1,-1,-1,0,0,-1,-1,-1,0,0,-1,-1,-1,0,0,-1,-1,-1,0,0,-1,-1,-1,0,0,-1,-1,-1,0,0,-1,-1,-1,0,0,-1,-1,-1,0,5,0,-1,-1,-1,0,0,50,50,-1,0,0,-1,-1,-1,0,0,-1,-1,-1,0,0,-1,-1,-1,0,0,-1,-1,-1,0,0,-1,-1,-1,0,0,-1,-1,-1,0,0,-1,-1,-1,0,0,50,50,-1,0,0,-1,-1,-1,0,0,-1,-1,-1,0,0,-1,-1,-1,0,0,-1,-1,-1,0,0,-1,-1,-1,0,0,-1,-1,-1,0,0,-1,-1,-1,0,0,50,50,-1,0,0,-1,-1,-1,0,0,-1,-1,-1,0,0,-1,-1,-1,0,0,-1,-1,-1,0,0,-1,-1,-1,0,0,-1,-1,-1,0,0,-1,-1,-1,0,0,-1,-1,-1,0,0,-1,-1,-1,0,0,-1,-1,-1,0,0,-1,-1,-1,0,0,-1,-1,-1,0,0,-1,-1,-1,0,0,-1,-1,-1,0,0,-1,-1,-1,0,0,-1,-1,-1,0,0,-1,-1,-1,0
0,0,-1,-1,-1,0,0,-1,-1,-1,0,0,-1,-1,-1,0,0,-1,-1,-1,0,0,-1,-1,-1,0,0,-1,-1,-1,0,0,-1,-1,-1,0,0,-1,-1,-1,0,0,-1,-1,-1,0,0,-1,-1,-1,0,0,-1,-1,-1,0,0,-1,-1,-1,0,0,-1,-1,-1,0,0,-1,-1,-1,0,0,-1,-1,-1,0,0,-1,-1,-1,0,0,-1,-1,-1,0,0,50,50,-1,0,0,-1,-1,-1,0,0,-1,-1,-1,0,0,-1,-1,-1,0,0,-1,-1,-1,0,0,-1,-1,-1,0,0,-1,-1,-1,0,0,-1,-1,-1,0,0,50,50,-1,0,0,-1,-1,-1,0,0,-1,-1,-1,0,0,-1,-1,-1,0,0,-1,-1,-1,0,0,-1,-1,-1,0,0,-1,-1,-1,0,0,-1,-1,-1,0,0,50,50,-1,0,0,-1,-1,-1,0,5,0,-1,-1,-1,0,0,-1,-1,-1,0,0,-1,-1,-1,0,0,-1,-1,-1,0,0,-1,-1,-1,0,0,-1,-1,-1,0,0,-1,-1,-1,0,0,-1,-1,-1,0,0,-1,-1,-1,0,0,-1,-1,-1,0,0,-1,-1,-1,0,0,-1,-1,-1,0,0,-1,-1,-1,0,0,-1,-1,-1,0,0,-1,-1,-1,0,0,-1,-1,-1,0,0,-1,-1,-1,0,0,25,75,-1,0,0,-1,-1,-1,0,0,-1,-1,-1,0,0,-1,-1,-1,0,0,-1,-1,-1,0,0,-1,-1,-1,0,0,-1,-1,-1,0,0,-1,-1,-1,0,0,50,50,-1,0,0,-1,-1,-1,0,0,-1,-1,-1,0,0,-1,-1,-1,0,0,-1,-1,-1,0,0,-1,-1,-1,0,0,-1,-1,-1,0,0,-1,-1,-1,0,0,50,50,-1,0,0,-1,-1,-1,0
1,0,-1,-1,-1,0,0,-1,-1,-1,0,0,-1,-1,-1,0,0,-1,-1,-1,0,0,-1,-1,-1,0,0,-1,-1,-1,0,0,-1,-1,-1,0,0,-1,-1,-1,0,0,-1,-1,-1,0,0,25,75,-1,0,0,-1,-1,-1,0,0,-1,-1,-1,0,0,-1,-1,-1,0,0,-1,-1,-1,0,0,-1,-1,-1,0,0,-1,-1,-1,0,0,-1,-1,-1,0,0,50,50,-1,0,0,-1,-1,-1,0,0,-1,-1,-1,0,0,-1,-1,-1,0,0,-1,-1,-1,0,0,-1,-1,-1,0,0,-1,-1,-1,0,0,-1,-1,-1,0,0,50,50,-1,0,0,-1,-1,-1,0,0,-1,-1,-1,0,0,-1,-1,-1,0,0,-1,-1,-1,0,0,-1,-1,-1,0,0,-1,-1,-1,0,0,-1,-1,-1,0,0,50,50,-1,0,0,-1,-1,-1,0,5,0,-1,-1,-1,0,0,-1,-1,-1,0,0,-1,-1,-1,0,0,-1,-1,-1,0,0,-1,-1,-1,0,0,-1,-1,-1,0,0,-1,-1,-1,0,0,-1,-1,-1,0,0,-1,-1,-1,0,0,25,75,-1,0,0,-1,-1,-1,0,0,-1,-1,-1,0,0,-1,-1,-1,0,0,-1,-1,-1,0,0,-1,-1,-1,0,0,-1,-1,-1,0,0,-1,-1,-1,0,0,25,75,-1,0,0,-1,-1,-1,0,0,-1,-1,-1,0,0,-1,-1,-1,0,0,-1,-1,-1,0,0,-1,-1,-1,0,0,-1,-1,-1,0,0,-1,-1,-1,0,0,50,50,-1,0,0,-1,-1,-1,0,0,-1,-1,-1,0,0,-1,-1,-1,0,0,-1,-1,-1,0,0,-1,-1,-1,0,0,-1,-1,-1,0,0,-1,-1,-1,0,0,50,50,-1,0,0,-1,-1,-1,0
2,0,-1,-1,-1,0,0,25,75,-1,0,0,-1,-1,-1,0,0,-1,-1,-1,0,0,-1,-1,-1,0,0,-1,-1,-1,0,0,-1,-1,-1,0,0,-1,-1,-1,0,0,-1,-1,-1,0,0,25,75,-1,0,0,-1,-1,-1,0,0,-1,-1,-1,0,0,-1,-1,-1,0,0,-1,-1,-1,0,0,-1,-1,-1,0,0,-1,-1,-1,0,0,-1,-1,-1,0,0,50,50,-1,0,0,-1,-1,-1,0,0,-1,-1,-1,0,0,-1,-1,-1,0,0,-1,-1,-1,0,0,-1,-1,-1,0,0,-1,-1,-1,0,0,-1,-1,-1,0,0,50,50,-1,0,0,-1,-1,-1,0,0,-1,-1,-1,0,0,-1,-1,-1,0,0,-1,-1,-1,0,0,-1,-1,-1,0,0,-1,-1,-1,0,0,-1,-1,-1,0,0,-1,-1,-1,0,0,-1,-1,-1,0,5,0,-1,-1,-1,0,0,25,75,-1,0,0,-1,-1,-1,0,0,-1,-1,-1,0,0,-1,-1,-1,0,0,-1,-1,-1,0,0,-1,-1,-1,0,0,-1,-1,-1,0,0,-1,-1,-1,0,0,25,75,-1,0,0,-1,-1,-1,0,0,-1,-1,-1,0,0,-1,-1,-1,0,0,-1,-1,-1,0,0,-1,-1,-1,0,0,-1,-1,-1,0,0,-1,-1,-1,0,0,25,75,-1,0,0,-1,-1,-1,0,0,-1,-1,-1,0,0,-1,-1,-1,0,0,-1,-1,-1,0,0,-1,-1,-1,0,0,-1,-1,-1,0,0,-1,-1,-1,0,0,50,50,-1,0,0,-1,-1,-1,0,0,-1,-1,-1,0,0,-1,-1,-1,0,0,-1,-1,-1,0,0,-1,-1,-1,0,0,-1,-1,-1,0,0,-1,-1,-1,0,0,-1,-1,-1,0,0,-1,-1,-1,0
3,0,-1,-1,-1,0,0,25,75,-1,0,0,-1,-1,-1,0,0,-1,-1,-1,0,0,-1,-1,-1,0,0,-1,-1,-1,0,0,-1,-1,-1,0,0,-1,-1,-1,0,0,-1,-1,-1,0,0,25,75,-1,0,0,-1,-1,-1,0,0,-1,-1,-1,0,0,-1,-1,-1,0,0,-1,-1,-1,0,0,-1,-1,-1,0,0,-1,-1,-1,0,0,-1,-1,-1,0,0,50,50,-1,0,0,-1,-1,-1,0,0,-1,-1,-1,0,0,-1,-1,-1,0,0,-1,-1,-1,0,0,-1,-1,-1,0,0,-1,-1,-1,0,0,-1,-1,-1,0,0,-1,-1,-1,0,0,-1,-1,-1,0,0,-1,-1,-1,0,0,-1,-1,-1,0,0,-1,-1,-1,0,0,-1,-1,-1,0,0,-1,-1,-1,0,0,-1,-1,-1,0,0,-1,-1,-1,0,0,-1,-1,-1,0,5,0,-1,-1,-1,0,0,25,75,-1,0,0,-1,-1,-1,0,0,-1,-1,-1,0,0,-1,-1,-1,0,0,-1,-1,-1,0,0,-1,-1,-1,0,0,-1,-1,-1,0,0,-1,-1,-1,0,0,25,75,-1,0,0,-1,-1,-1,0,0,-1,-1,-1,0,0,-1,-1,-1,0,0,-1,-1,-1,0,0,-1,-1,-1,0,0,-1,-1,-1,0,0,-1,-1,-1,0,0,25,75,-1,0,0,-1,-1,-1,0,0,-1,-1,-1,0,0,-1,-1,-1,0,0,-1,-1,-1,0,0,-1,-1,-1,0,0,-1,-1,-1,0,0,-1,-1,-1,0,0,-1,-1,-1,0,0,-1,-1,-1,0,0,-1,-1,-1,0,0,-1,-1,-1,0,0,-1,-1,-1,0,0,-1,-1,-1,0,0,-1,-1,-1,0,0,-1,-1,-1,0,0,-1,-1,-1,0,0,-1,-1,-1,0
0,0,-1,-1,-1,0,0,-1,-1,-1,0,0,-1,-1,-1,0,0,-1,-1,-1,0,0,-1,-1,-1,0,0,-1,-1,-1,0,0,-1,-1,-1,0,0,-1,-1,-1,0,0,-1,-1,-1,0,0,-1,-1,-1,0,0,-1,-1,-1,0,0,-1,-1,-1,0,0,-1,-1,-1,0,0,-1,-1,-1,0,0,-1,-1,-1,0,0,-1,-1,-1,0,0,-1,-1,-1,0,0,25,75,-1,0,0,-1,-1,-1,0,0,-1,-1,-1,0,0,-1,-1,-1,0,0,-1,-1,-1,0,0,-1,-1,-1,0,0,-1,-1,-1,0,0,-1,-1,-1,0,0,25,75,-1,0,0,-1,-1,-1,0,0,-1,-1,-1,0,0,-1,-1,-1,0,0,-1,-1,-1,0,0,-1,-1,-1,0,0,-1,-1,-1,0,0,-1,-1,-1,0,0,25,75,-1,0,0,-1,-1,-1,0,5,0,-1,-1,-1,0,0,-1,-1,-1,0,0,-1,-1,-1,0,0,-1,-1,-1,0,0,-1,-1,-1,0,0,-1,-1,-1,0,0,-1,-1,-1,0,0,-1,-1,-1,0,0,-1,-1,-1,0,0,-1,-1,-1,0,0,-1,-1,-1,0,0,-1,-1,-1,0,0,-1,-1,-1,0,0,-1,-1,-1,0,0,-1,-1,-1,0,0,-1,-1,-1,0,0,-1,-1,-1,0,0,13,87,-1,0,0,-1,-1,-1,0,0,-1,-1,-1,0,0,-1,-1,-1,0,0,-1,-1,-1,0,0,-1,-1,-1,0,0,-1,-1,-1,0,0,-1,-1,-1,0,0,25,75,-1,0,0,-1,-1,-1,0,0,-1,-1,-1,0,0,-1,-1,-1,0,0,-1,-1,-1,0,0,-1,-1,-1,0,0,-1,-1,-1,0,0,-1,-1,-1,0,0,25,75,-1,0,0,-1,-1,-1,0
1,0,-1,-1,-1,0,0,-1,-1,-1,0,0,-1,-1,-1,0,0,-1,-1,-1,0,0,-1,-1,-1,0,0,-1,-1,-1,0,0,-1,-1,-1,0,0,-1,-1,-1,0,0,-1,-1,-1,0,0,13,87,-1,0,0,-1,-1,-1,0,0,-1,-1,-1,0,0,-1,-1,-1,0,0,-1,-1,-1,0,0,-1,-1,-1,0,0,-1,-1,-1,0,0,-1,-1,-1,0,0,25,75,-1,0,0,-1,-1,-1,0,0,-1,-1,-1,0,0,-1,-1,-1,0,0,-1,-1,-1,0,0,-1,-1,-1,0,0,-1,-1,-1,0,0,-1,-1,-1,0,0,25,75,-1,0,0,-1,-1,-1,0,0,-1,-1,-1,0,0,-1,-1,-1,0,0,-1,-1,-1,0,0,-1,-1,-1,0,0,-1,-1,-1,0,0,-1,-1,-1,0,0,25,75,-1,0,0,-1,-1,-1,0,5,0,-1,-1,-1,0,0,-1,-1,-1,0,0,-1,-1,-1,0,0,-1,-1,-1,0,0,-1,-1,-1,0,0,-1,-1,-1,0,0,-1,-1,-1,0,0,-1,-1,-1,0,0,-1,-1,-1,0,0,13,87,-1,0,0,-1,-1,-1,0,0,-1,-1,-1,0,0,-1,-1,-1,0,0,-1,-1,-1,0,0,-1,-1,-1,0,0,-1,-1,-1,0,0,-1,-1,-1,0,0,13,87,-1,0,0,-1,-1,-1,0,0,-1,-1,-1,0,0,-1,-1,-1,0,0,-1,-1,-1,0,0,-1,-1,-1,0,0,-1,-1,-1,0,0,-1,-1,-1,0,0,25,75,-1,0,0,-1,-1,-1,0,0,-1,-1,-1,0,0,-1,-1,-1,0,0,-1,-1,-1,0,0,-1,-1,-1,0,0,-1,-1,-1,0,0,-1,-1,-1,0,0,25,75,-1,0,0,-1,-1,-1,0
2,0,-1,-1,-1,0,0,13,87,-1,0,0,-1,-1,-1,0,0,-1,-1,-1,0,0,-1,-1,-1,0,0,-1,-1,-1,0,0,-1,-1,-1,0,0,-1,-1,-1,0,0,-1,-1,-1,0,0,13,87,-1,0,0,-1,-1,-1,0,0,-1,-1,-1,0,0,-1,-1,-1,0,0,-1,-1,-1,0,0,-1,-1,-1,0,0,-1,-1,-1,0,0,-1,-1,-1,0,0,25,75,-1,0,0,-1,-1,-1,0,0,-1,-1,-1,0,0,-1,-1,-1,0,0,-1,-1,-1,0,0,-1,-1,-1,0,0,-1,-1,-1,0,0,-1,-1,-1,0,0,25,75,-1,0,0,-1,-1,-1,0,0,-1,-1,-1,0,0,-1,-1,-1,0,0,-1,-1,-1,0,0,-1,-1,-1,0,0,-1,-1,-1,0,0,-1,-1,-1,0,0,-1,-1,-1,0,0,-1,-1,-1,0,5,0,-1,-1,-1,0,0,13,87,-1,0,0,-1,-1,-1,0,0,-1,-1,-1,0,0,-1,-1,-1,0,0,-1,-1,-1,0,0,-1,-1,-1,0,0,-1,-1,-1,0,0,-1,-1,-1,0,0,13,87,-1,0,0,-1,-1,-1,0,0,-1,-1,-1,0,0,-1,-1,-1,0,0,-1,-1,-1,0,0,-1,-1,-1,0,0,-1,-1,-1,0,0,-1,-1,-1,0,0,13,87,-1,0,0,-1,-1,-1,0,0,-1,-1,-1,0,0,-1,-1,-1,0,0,-1,-1,-1,0,0,-1,-1,-1,0,0,-1,-1,-1,0,0,-1,-1,-1,0,0,25,75,-1,0,0,-1,-1,-1,0,0,-1,-1,-1,0,0,-1,-1,-1,0,0,-1,-1,-1,0,0,-1,-1,-1,0,0,-1,-1,-1,0,0,-1,-1,-1,0,0,-1,-1,-1,0,0,-1,-1,-1,0
3,0,-1,-1,-1,0,0,13,87,-1,0,0,-1,-1,-1,0,0,-1,-1,-1,0,0,-1,-1,-1,0,0,-1,-1,-1,0,0,-1,-1,-1,0,0,-1,-1,-1,0,0,-1,-1,-1,0,0,13,87,-1,0,0,-1,-1,-1,0,0,-1,-1,-1,0,0,-1,-1,-1,0,0,-1,-1,-1,0,0,-1,-1,-1,0,0,-1,-1,-1,0,0,-1,-1,-1,0,0,25,75,-1,0,0,-1,-1,-1,0,0,-1,-1,-1,0,0,-1,-1,-1,0,0,-1,-1,-1,0,0,-1,-1,-1,0,0,-1,-1,-1,0,0,-1,-1,-1,0,0,-1,-1,-1,0,0,-1,-1,-1,0,0,-1,-1,-1,0,0,-1,-1,-1,0,0,-1,-1,-1,0,0,-1,-1,-1,0,0,-1,-1,-1,0,0,-1,-1,-1,0,0,-1,-1,-1,0,0,-1,-1,-1,0,5,0,-1,-1,-1,0,0,13,87,-1,0,0,-1,-1,-1,0,0,-1,-1,-1,0,0,-1,-1,-1,0,0,-1,-1,-1,0,0,-1,-1,-1,0,0,-1,-1,-1,0,0,-1,-1,-1,0,0,13,87,-1,0,0,-1,-1,-1,0,0,-1,-1,-1,0,0,-1,-1,-1,0,0,-1,-1,-1,0,0,-1,-1,-1,0,0,-1,-1,-1,0,0,-1,-1,-1,0,0,13,87,-1,0,0,-1,-1,-1,0,0,-1,-1,-1,0,0,-1,-1,-1,0,0,-1,-1,-1,0,0,-1,-1,-1,0,0,-1,-1,-1,0,0,-1,-1,-1,0,0,-1,-1,-1,0,0,-1,-1,-1,0,0,-1,-1,-1,0,0,-1,-1,-1,0,0,-1,-1,-1,0,0,-1,-1,-1,0,0,-1,-1,-1,0,0,-1,-1,-1,0,0,-1,-1,-1,0,0,-1,-1,-1,0
0,0,-1,-1,-1,0,0,-1,-1,-1,0,0,-1,-1,-1,0,0,-1,-1,-1,0,0,-1,-1,-1,0,0,-1,-1,-1,0,0,-1,-1,-1,0,0,-1,-1,-1,0,0,-1,-1,-1,0,0,-1,-1,-1,0,0,-1,-1,-1,0,0,-1,-1,-1,0,0,-1,-1,-1,0,0,-1,-1,-1,0,0,-1,-1,-1,0,0,-1,-1,-1,0,0,-1,-1,-1,0,0,13,87,-1,0,0,-1,-1,-1,0,0,-1,-1,-1,0,0,-1,-1,-1,0,0,-1,-1,-1,0,0,-1,-1,-1,0,0,-1,-1,-1,0,0,-1,-1,-1,0,0,13,87,-1,0,0,-1,-1,-1,0,0,-1,-1,-1,0,0,-1,-1,-1,0,0,-1,-1,-1,0,0,-1,-1,-1,0,0,-1,-1,-1,0,0,-1,-1,-1,0,0,13,87,-1,0,0,-1,-1,-1,0,5,0,-1,-1,-1,0,0,-1,-1,-1,0,0,-1,-1,-1,0,0,-1,-1,-1,0,0,-1,-1,-1,0,0,-1,-1,-1,0,0,-1,-1,-1,0,0,-1,-1,-1,0,0,-1,-1,-1,0,0,-1,-1,-1,0,0,-1,-1,-1,0,0,-1,-1,-1,0,0,-1,-1,-1,0,0,-1,-1,-1,0,0,-1,-1,-1,0,0,-1,-1,-1,0,0,-1,-1,-1,0,0,7,93,-1,0,0,-1,-1,-1,0,0,-1,-1,-1,0,0,-1,-1,-1,0,0,-1,-1,-1,0,0,-1,-1,-1,0,0,-1,-1,-1,0,0,-1,-1,-1,0,0,13,87,-1,0,0,-1,-1,-1,0,0,-1,-1,-1,0,0,-1,-1,-1,0,0,-1,-1,-1,0,0,-1,-1,-1,0,0,-1,-1,-1,0,0,-1,-1,-1,0,0,13,87,-1,0,0,-1,-1,-1,0
1,0,-1,-1,-1,0,0,-1,-1,-1,0,0,-1,-1,-1,0,0,-1,-1,-1,0,0,-1,-1,-1,0,0,-1,-1,-1,0,0,-1,-1,-1,0,0,-1,-1,-1,0,0,-1,-1,-1,0,0,7,93,-1,0,0,-1,-1,-1,0,0,-1,-1,-1,0,0,-1,-1,-1,0,0,-1,-1,-1,0,0,-1,-1,-1,0,0,-1,-1,-1,0,0,-1,-1,-1,0,0,13,87,-1,0,0,-1,-1,-1,0,0,-1,-1,-1,0,0,-1,-1,-1,0,0,-1,-1,-1,0,0,-1,-1,-1,0,0,-1,-1,-1,0,0,-1,-1,-1,0,0,13,87,-1,0,0,-1,-1,-1,0,0,-1,-1,-1,0,0,-1,-1,-1,0,0,-1,-1,-1,0,0,-1,-1,-1,0,0,-1,-1,-1,0,0,-1,-1,-1,0,0,13,87,-1,0,0,-1,-1,-1,0,5,0,-1,-1,-1,0,0,-1,-1,-1,0,0,-1,-1,-1,0,0,-1,-1,-1,0,0,-1,-1,-1,0,0,-1,-1,-1,0,0,-1,-1,-1,0,0,-1,-1,-1,0,0,-1,-1,-1,0,0,7,93,-1,0,0,-1,-1,-1,0,0,-1,-1,-1,0,0,-1,-1,-1,0,0,-1,-1,-1,0,0,-1,-1,-1,0,0,-1,-1,-1,0,0,-1,-1,-1,0,0,7,93,-1,0,0,-1,-1,-1,0,0,-1,-1,-1,0,0,-1,-1,-1,0,0,-1,-1,-1,0,0,-1,-1,-1,0,0,-1,-1,-1,0,0,-1,-1,-1,0,0,13,87,-1,0,0,-1,-1,-1,0,0,-1,-1,-1,0,0,-1,-1,-1,0,0,-1,-1,-1,0,0,-1,-1,-1,0,0,-1,-1,-1,0,0,-1,-1,-1,0,0,13,87,-1,0,0,-1,-1,-1,0
2,0,-1,-1,-1,0,0,7,93,-1,0,0,-1,-1,-1,0,0,-1,-1,-1,0,0,-1,-1,-1,0,0,-1,-1,-1,0,0,-1,-1,-1,0,0,-1,-1,-1,0,0,-1,-1,-1,0,0,7,93,-1,0,0,-1,-1,-1,0,0,-1,-1,-1,0,0,-1,-1,-1,0,0,-1,-1,-1,0,0,-1,-1,-1,0,0,-1,-1,-1,0,0,-1,-1,-1,0,0,13,87,-1,0,0,-1,-1,-1,0,0,-1,-1,-1,0,0,-1,-1,-1,0,0,-1,-1,-1,0,0,-1,-1,-1,0,0,-1,-1,-1,0,0,-1,-1,-1,0,0,13,87,-1,0,0,-1,-1,-1,0,0,-1,-1,-1,0,0,-1,-1,-1,0,0,-1,-1,-1,0,0,-1,-1,-1,0,0,-1,-1,-1,0,0,-1,-1,-1,0,0,-1,-1,-1,0,0,-1,-1,-1,0,5,0,-1,-1,-1,0,0,7,93,-1,0,0,-1,-1,-1,0,0,-1,-1,-1,0,0,-1,-1,-1,0,0,-1,-1,-1,0,0,-1,-1,-1,0,0,-1,-1,-1,0,0,-1,-1,-1,0,0,7,93,-1,0,0,-1,-1,-1,0,0,-1,-1,-1,0,0,-1,-1,-1,0,0,-1,-1,-1,0,0,-1,-1,-1,0,0,-1,-1,-1,0,0,-1,-1,-1,0,0,7,93,-1,0,0,-1,-1,-1,0,0,-1,-1,-1,0,0,-1,-1,-1,0,0,-1,-1,-1,0,0,-1,-1,-1,0,0,-1,-1,-1,0,0,-1,-1,-1,0,0,13,87,-1,0,0,-1,-1,-1,0,0,-1,-1,-1,0,0,-1,-1,-1,0,0,-1,-1,-1,0,0,-1,-1,-1,0,0,-1,-1,-1,0,0,-1,-1,-1,0,0,-1,-1,-1,0,0,-1,-1,-1,0
3,0,-1,-1,-1,0,0,7,93,-1,0,0,-1,-1,-1,0,0,-1,-1,-1,0,0,-1,-1,-1,0,0,-1,-1,-1,0,0,-1,-1,-1,0,0,-1,-1,-1,0,0,-1,-1,-1,0,0,7,93,-1,0,0,-1,-1,-1,0,0,-1,-1,-1,0,0,-1,-1,-1,0,0,-1,-1,-1,0,0,-1,-1,-1,0,0,-1,-1,-1,0,0,-1,-1,-1,0,0,13,87,-1,0,0,-1,-1,-1,0,0,-1,-1,-1,0,0,-1,-1,-1,0,0,-1,-1,-1,0,0,-1,-1,-1,0,0,-1,-1,-1,0,0,-1,-1,-1,0,0,-1,-1,-1,0,0,-1,-1,-1,0,0,-1,-1,-1,0,0,-1,-1,-1,0,0,-1,-1,-1,0,0,-1,-1,-1,0,0,-1,-1,-1,0,0,-1,-1,-1,0,0,-1,-1,-1,0,0,-1,-1,-1,0,2,0,7,93,-1,0,0,-1,-1,-1,0,0,-1,-1,-1,0,0,-1,-1,-1,0,0,-1,-1,-1,0,0,-1,-1,-1,0,0,-1,-1,-1,0,0,-1,-1,-1,0,0,7,93,-1,0,0,-1,-1,-1,0,0,-1,-1,-1,0,0,-1,-1,-1,0,0,-1,-1,-1,0,0,-1,-1,-1,0,0,-1,-1,-1,0,0,-1,-1,-1,0,0,-1,-1,-1,0,0,12,87,-1,0,0,-1,-1,-1,0,0,-1,-1,-1,0,0,-1,-1,-1,0,0,-1,-1,-1,0,0,-1,-1,-1,0,0,-1,-1,-1,0,0,-1,-1,-1,0,0,-1,-1,-1,0,0,-1,-1,-1,0,0,-1,-1,-1,0,0,-1,-1,-1,0,0,-1,-1,-1,0,0,-1,-1,-1,0,0,-1,-1,-1,0,0,-1,-1,-1,0,0,-1,-1,-1,0,0,-1,-1,-1,0
0,0,-1,-1,-1,0,0,-1,-1,-1,0,0,-1,-1,-1,0,0,-1,-1,-1,0,0,-1,-1,-1,0,0,-1,-1,-1,0,0,-1,-1,-1,0,0,-1,-1,-1,0,0,-1,-1,-1,0,0,-1,-1,-1,0,0,-1,-1,-1,0,0,-1,-1,-1,0,0,-1,-1,-1,0,0,-1,-1,-1,0,0,-1,-1,-1,0,0,-1,-1,-1,0,0,-1,-1,-1,0,0,7,93,-1,0,0,-1,-1,-1,0,0,-1,-1,-1,0,0,-1,-1,-1,0,0,-1,-1,-1,0,0,-1,-1,-1,0,0,-1,-1,-1,0,0,-1,-1,-1,0,0,7,93,-1,0,0,-1,-1,-1,0,0,-1,-1,-1,0,0,-1,-1,-1,0,0,-1,-1,-1,0,0,-1,-1,-1,0,0,-1,-1,-1,0,0,-1,-1,-1,0,0,7,93,-1,0,0,-1,-1,-1,0,5,0,-1,-1,-1,0,0,-1,-1,-1,0,0,-1,-1,-1,0,0,-1,-1,-1,0,0,-1,-1,-1,0,0,-1,-1,-1,0,0,-1,-1,-1,0,0,-1,-1,-1,0,0,-1,-1,-1,0,0,-1,-1,-1,0,0,-1,-1,-1,0,0,-1,-1,-1,0,0,-1,-1,-1,0,0,-1,-1,-1,0,0,-1,-1,-1,0,0,-1,-1,-1,0,0,-1,-1,-1,0,0,4,96,-1,0,0,-1,-1,-1,0,0,-1,-1,-1,0,0,-1,-1,-1,0,0,-1,-1,-1,0,0,-1,-1,-1,0,0,-1,-1,-1,0,0,-1,-1,-1,0,0,7,93,-1,0,0,-1,-1,-1,0,0,-1,-1,-1,0,0,-1,-1,-1,0,0,-1,-1,-1,0,0,-1,-1,-1,0,0,-1,-1,-1,0,0,-1,-1,-1,0,0,7,93,-1,0,0,-1,-1,-1,0
1,0,-1,-1,-1,0,0,-1,-1,-1,0,0,-1,-1,-1,0,0,-1,-1,-1,0,0,-1,-1,-1,0,0,-1,-1,-1,0,0,-1,-1,-1,0,0,-1,-1,-1,0,0,-1,-1,-1,0,0,4,96,-1,0,0,-1,-1,-1,0,0,-1,-1,-1,0,0,-1,-1,-1,0,0,-1,-1,-1,0,0,-1,-1,-1,0,0,-1,-1,-1,0,0,-1,-1,-1,0,0,7,93,-1,0,0,-1,-1,-1,0,0,-1,-1,-1,0,0,-1,-1,-1,0,0,-1,-1,-1,0,0,-1,-1,-1,0,0,-1,-1,-1,0,0,-1,-1,-1,0,0,7,93,-1,0,0,-1,-1,-1,0,0,-1,-1,-1,0,0,-1,-1,-1,0,0,-1,-1,-1,0,0,-1,-1,-1,0,0,-1,-1,-1,0,0,-1,-1,-1,0,0,-1,-1,-1,0,0,12,87,-1,0,5,0,-1,-1,-1,0,0,-1,-1,-1,0,0,-1,-1,-1,0,0,-1,-1,-1,0,0,-1,-1,-1,0,0,-1,-1,-1,0,0,-1,-1,-1,0,0,-1,-1,-1,0,0,-1,-1,-1,0,0,4,96,-1,0,0,-1,-1,-1,0,0,-1,-1,-1,0,0,-1,-1,-1,0,0,-1,-1,-1,0,0,-1,-1,-1,0,0,-1,-1,-1,0,0,-1,-1,-1,0,0,4,96,-1,0,0,-1,-1,-1,0,0,-1,-1,-1,0,0,-1,-1,-1,0,0,-1,-1,-1,0,0,-1,-1,-1,0,0,-1,-1,-1,0,0,-1,-1,-1,0,0,7,93,-1,0,0,-1,-1,-1,0,0,-1,-1,-1,0,0,-1,-1,-1,0,0,-1,-1,-1,0,0,-1,-1,-1,0,0,-1,-1,-1,0,0,-1,-1,-1,0,0,-1,-1,-1,0,0,12,87,-1,0
2,0,-1,-1,-1,0,0,4,96,-1,0,0,-1,-1,-1,0,0,-1,-1,-1,0,0,-1,-1,-1,0,0,-1,-1,-1,0,0,-1,-1,-1,0,0,-1,-1,-1,0,0,-1,-1,-1,0,0,4,96,-1,0,0,-1,-1,-1,0,0,-1,-1,-1,0,0,-1,-1,-1,0,0,-1,-1,-1,0,0,-1,-1,-1,0,0,-1,-1,-1,0,0,-1,-1,-1,0,0,7,93,-1,0,0,-1,-1,-1,0,0,-1,-1,-1,0,0,-1,-1,-1,0,0,-1,-1,-1,0,0,-1,-1,-1,0,0,-1,-1,-1,0,0,-1,-1,-1,0,0,-1,-1,-1,0,0,12,87,-1,0,0,-1,-1,-1,0,0,-1,-1,-1,0,0,-1,-1,-1,0,0,-1,-1,-1,0,0,-1,-1,-1,0,0,-1,-1,-1,0,0,-1,-1,-1,0,0,-1,-1,-1,0,5,0,-1,-1,-1,0,0,4,96,-1,0,0,-1,-1,-1,0,0,-1,-1,-1,0,0,-1,-1,-1,0,0,-1,-1,-1,0,0,-1,-1,-1,0,0,-1,-1,-1,0,0,-1,-1,-1,0,0,4,96,-1,0,0,-1,-1,-1,0,0,-1,-1,-1,0,0,-1,-1,-1,0,0,-1,-1,-1,0,0,-1,-1,-1,0,0,-1,-1,-1,0,0,-1,-1,-1,0,0,4,96,-1,0,0,-1,-1,-1,0,0,-1,-1,-1,0,0,-1,-1,-1,0,0,-1,-1,-1,0,0,-1,-1,-1,0,0,-1,-1,-1,0,0,-1,-1,-1,0,0,-1,-1,-1,0,0,12,87,-1,0,0,-1,-1,-1,0,0,-1,-1,-1,0,0,-1,-1,-1,0,0,-1,-1,-1,0,0,-1,-1,-1,0,0,-1,-1,-1,0,0,-1,-1,-1,0,0,-1,-1,-1,0
3,0,4,96,-1,0,0,-1,-1,-1,0,0,-1,-1,-1,0,0,-1,-1,-1,0,0,-1,-1,-1,0,0,-1,-1,-1,0,0,-1,-1,-1,0,0,-1,-1,-1,0,0,4,96,-1,0,0,-1,-1,-1,0,0,-1,-1,-1,0,0,-1,-1,-1,0,0,-1,-1,-1,0,0,-1,-1,-1,0,0,-1,-1,-1,0,0,-1,-1,-1,0,0,-1,-1,-1,0,0,12,87,-1,0,0,-1,-1,-1,0,0,-1,-1,-1,0,0,-1,-1,-1,0,0,-1,-1,-1,0,0,-1,-1,-1,0,0,-1,-1,-1,0,0,-1,-1,-1,0,0,-1,-1,-1,0,0,-1,-1,-1,0,0,-1,-1,-1,0,0,-1,-1,-1,0,0,-1,-1,-1,0,0,-1,-1,-1,0,0,-1,-1,-1,0,0,-1,-1,-1,0,0,-1,-1,-1,0,0,-1,-1,-1,0,5,0,4,96,-1,0,0,-1,-1,-1,0,0,-1,-1,-1,0,0,-1,-1,-1,0,0,-1,-1,-1,0,0,-1,-1,-1,0,0,-1,-1,-1,0,0,-1,-1,-1,0,0,4,96,-1,0,0,-1,-1,-1,0,0,-1,-1,-1,0,0,-1,-1,-1,0,0,-1,-1,-1,0,0,-1,-1,-1,0,0,-1,-1,-1,0,0,-1,-1,-1,0,0,-1,-1,-1,0,0,6,93,-1,0,0,-1,-1,-1,0,0,-1,-1,-1,0,0,-1,-1,-1,0,0,-1,-1,-1,0,0,-1,-1,-1,0,0,-1,-1,-1,0,0,-1,-1,-1,0,0,-1,-1,-1,0,0,-1,-1,-1,0,0,-1,-1,-1,0,0,-1,-1,-1,0,0,-1,-1,-1,0,0,-1,-1,-1,0,0,-1,-1,-1,0,0,-1,-1,-1,0,0,-1,-1,-1,0,0,-1,-1,-1,0
0,0,-1,-1,-1,0,0,-1,-1,-1,0,0,-1,-1,-1,0,0,-1,-1,-1,0,0,-1,-1,-1,0,0,-1,-1,-1,0,0,-1,-1,-1,0,0,-1,-1,-1,0,0,-1,-1,-1,0,0,-1,-1,-1,0,0,-1,-1,-1,0,0,-1,-1,-1,0,0,-1,-1,-1,0,0,-1,-1,-1,0,0,-1,-1,-1,0,0,-1,-1,-1,0,0,-1,-1,-1,0,0,4,96,-1,0,0,-1,-1,-1,0,0,-1,-1,-1,0,0,-1,-1,-1,0,0,-1,-1,-1,0,0,-1,-1,-1,0,0,-1,-1,-1,0,0,-1,-1,-1,0,0,4,96,-1,0,0,-1,-1,-1,0,0,-1,-1,-1,0,0,-1,-1,-1,0,0,-1,-1,-1,0,0,-1,-1,-1,0,0,-1,-1,-1,0,0,-1,-1,-1,0,0,4,96,-1,0,0,-1,-1,-1,0,5,0,-1,-1,-1,0,0,-1,-1,-1,0,0,-1,-1,-1,0,0,-1,-1,-1,0,0,-1,-1,-1,0,0,-1,-1,-1,0,0,-1,-1,-1,0,0,-1,-1,-1,0,0,-1,-1,-1,0,0,-1,-1,-1,0,0,-1,-1,-1,0,0,-1,-1,-1,0,0,-1,-1,-1,0,0,-1,-1,-1,0,0,-1,-1,-1,0,0,-1,-1,-1,0,0,-1,-1,-1,0,0,2,98,-1,0,0,-1,-1,-1,0,0,-1,-1,-1,0,0,-1,-1,-1,0,0,-1,-1,-1,0,0,-1,-1,-1,0,0,-1,-1,-1,0,0,-1,-1,-1,0,0,4,96,-1,0,0,-1,-1,-1,0,0,-1,-1,-1,0,0,-1,-1,-1,0,0,-1,-1,-1,0,0,-1,-1,-1,0,0,-1,-1,-1,0,0,-1,-1,-1,0,0,4,96,-1,0,0,-1,-1,-1,0
1,0,-1,-1,-1,0,0,-1,-1,-1,0,0,-1,-1,-1,0,0,-1,-1,-1,0,0,-1,-1,-1,0,0,-1,-1,-1,0,0,-1,-1,-1,0,0,-1,-1,-1,0,0,-1,-1,-1,0,0,2,98,-1,0,0,-1,-1,-1,0,0,-1,-1,-1,0,0,-1,-1,-1,0,0,-1,-1,-1,0,0,-1,-1,-1,0,0,-1,-1,-1,0,0,-1,-1,-1,0,0,4,96,-1,0,0,-1,-1,-1,0,0,-1,-1,-1,0,0,-1,-1,-1,0,0,-1,-1,-1,0,0,-1,-1,-1,0,0,-1,-1,-1,0,0,-1,-1,-1,0,0,4,96,-1,0,0,-1,-1,-1,0,0,-1,-1,-1,0,0,-1,-1,-1,0,0,-1,-1,-1,0,0,-1,-1,-1,0,0,-1,-1,-1,0,0,-1,-1,-1,0,0,-1,-1,-1,0,0,6,93,-1,0,5,0,-1,-1,-1,0,0,-1,-1,-1,0,0,-1,-1,-1,0,0,-1,-1,-1,0,0,-1,-1,-1,0,0,-1,-1,-1,0,0,-1,-1,-1,0,0,-1,-1,-1,0,0,-1,-1,-1,0,0,2,98,-1,0,0,-1,-1,-1,0,0,-1,-1,-1,0,0,-1,-1,-1,0,0,-1,-1,-1,0,0,-1,-1,-1,0,0,-1,-1,-1,0,0,-1,-1,-1,0,0,2,98,-1,0,0,-1,-1,-1,0,0,-1,-1,-1,0,0,-1,-1,-1,0,0,-1,-1,-1,0,0,-1,-1,-1,0,0,-1,-1,-1,0,0,-1,-1,-1,0,0,4,96,-1,0,0,-1,-1,-1,0,0,-1,-1,-1,0,0,-1,-1,-1,0,0,-1,-1,-1,0,0,-1,-1,-1,0,0,-1,-1,-1,0,0,-1,-1,-1,0,0,-1,-1,-1,0,0,6,93,-1,0
2,0,-1,-1,-1,0,0,2,98,-1,0,0,-1,-1,-1,0,0,-1,-1,-1,0,0,-1,-1,-1,0,0,-1,-1,-1,0,0,-1,-1,-1,0,0,-1,-1,-1,0,0,-1,-1,-1,0,0,2,98,-1,0,0,-1,-1,-1,0,0,-1,-1,-1,0,0,-1,-1,-1,0,0,-1,-1,-1,0,0,-1,-1,-1,0,0,-1,-1,-1,0,0,-1,-1,-1,0,0,4,96,-1,0,0,-1,-1,-1,0,0,-1,-1,-1,0,0,-1,-1,-1,0,0,-1,-1,-1,0,0,-1,-1,-1,0,0,-1,-1,-1,0,0,-1,-1,-1,0,0,-1,-1,-1,0,0,6,93,-1,0,0,-1,-1,-1,0,0,-1,-1,-1,0,0,-1,-1,-1,0,0,-1,-1,-1,0,0,-1,-1,-1,0,0,-1,-1,-1,0,0,-1,-1,-1,0,0,-1,-1,-1,0,5,0,-1,-1,-1,0,0,2,98,-1,0,0,-1,-1,-1,0,0,-1,-1,-1,0,0,-1,-1,-1,0,0,-1,-1,-1,0,0,-1,-1,-1,0,0,-1,-1,-1,0,0,-1,-1,-1,0,0,2,98,-1,0,0,-1,-1,-1,0,0,-1,-1,-1,0,0,-1,-1,-1,0,0,-1,-1,-1,0,0,-1,-1,-1,0,0,-1,-1,-1,0,0,-1,-1,-1,0,0,2,98,-1,0,0,-1,-1,-1,0,0,-1,-1,-1,0,0,-1,-1,-1,0,0,-1,-1,-1,0,0,-1,-1,-1,0,0,-1,-1,-1,0,0,-1,-1,-1,0,0,-1,-1,-1,0,0,6,93,-1,0,0,-1,-1,-1,0,0,-1,-1,-1,0,0,-1,-1,-1,0,0,-1,-1,-1,0,0,-1,-1,-1,0,0,-1,-1,-1,0,0,-1,-1,-1,0,0,-1,-1,-1,0
3,0,2,98,-1,0,0,-1,-1,-1,0,0,-1,-1,-1,0,0,-1,-1,-1,0,0,-1,-1,-1,0,0,-1,-1,-1,0,0,-1,-1,-1,0,0,-1,-1,-1,0,0,2,98,-1,0,0,-1,-1,-1,0,0,-1,-1,-1,0,0,-1,-1,-1,0,0,-1,-1,-1,0,0,-1,-1,-1,0,0,-1,-1,-1,0,0,-1,-1,-1,0,0,-1,-1,-1,0,0,6,93,-1,0,0,-1,-1,-1,0,0,-1,-1,-1,0,0,-1,-1,-1,0,0,-1,-1,-1,0,0,-1,-1,-1,0,0,-1,-1,-1,0,0,-1,-1,-1,0,0,-1,-1,-1,0,0,-1,-1,-1,0,0,-1,-1,-1,0,0,-1,-1,-1,0,0,-1,-1,-1,0,0,-1,-1,-1,0,0,-1,-1,-1,0,0,-1,-1,-1,0,0,-1,-1,-1,0,0,-1,-1,-1,0,5,0,2,98,-1,0,0,-1,-1,-1,0,0,-1,-1,-1,0,0,-1,-1,-1,0,0,-1,-1,-1,0,0,-1,-1,-1,0,0,-1,-1,-1,0,0,-1,-1,-1,0,0,2,98,-1,0,0,-1,-1,-1,0,0,-1,-1,-1,0,0,-1,-1,-1,0,0,-1,-1,-1,0,0,-1,-1,-1,0,0,-1,-1,-1,0,0,-1,-1,-1,0,0,-1,-1,-1,0,0,3,96,-1,0,0,-1,-1,-1,0,0,-1,-1,-1,0,0,-1,-1,-1,0,0,-1,-1,-1,0,0,-1,-1,-1,0,0,-1,-1,-1,0,0,-1,-1,-1,0,0,-1,-1,-1,0,0,-1,-1,-1,0,0,-1,-1,-1,0,0,-1,-1,-1,0,0,-1,-1,-1,0,0,-1,-1,-1,0,0,-1,-1,-1,0,0,-1,-1,-1,0,0,-1,-1,-1,0,0,-1,-1,-1,0
0,0,-1,-1,-1,0,0,-1,-1,-1,0,0,-1,-1,-1,0,0,-1,-1,-1,0,0,-1,-1,-1,0,0,-1,-1,-1,0,0,-1,-1,-1,0,0,-1,-1,-1,0,0,-1,-1,-1,0,0,-1,-1,-1,0,0,-1,-1,-1,0,0,-1,-1,-1,0,0,-1,-1,-1,0,0,-1,-1,-1,0,0,-1,-1,-1,0,0,-1,-1,-1,0,0,-1,-1,-1,0,0,2,98,-1,0,0,-1,-1,-1,0,0,-1,-1,-1,0,0,-1,-1,-1,0,0,-1,-1,-1,0,0,-1,-1,-1,0,0,-1,-1,-1,0,0,-1,-1,-1,0,0,2,98,-1,0,0,-1,-1,-1,0,0,-1,-1,-1,0,0,-1,-1,-1,0,0,-1,-1,-1,0,0,-1,-1,-1,0,0,-1,-1,-1,0,0,-1,-1,-1,0,0,2,98,-1,0,0,-1,-1,-1,0,5,0,-1,-1,-1,0,0,-1,-1,-1,0,0,-1,-1,-1,0,0,-1,-1,-1,0,0,-1,-1,-1,0,0,-1,-1,-1,0,0,-1,-1,-1,0,0,-1,-1,-1,0,0,-1,-1,-1,0,0,-1,-1,-1,0,0,-1,-1,-1,0,0,-1,-1,-1,0,0,-1,-1,-1,0,0,-1,-1,-1,0,0,-1,-1,-1,0,0,-1,-1,-1,0,0,-1,-1,-1,0,0,1,99,-1,0,0,-1,-1,-1,0,0,-1,-1,-1,0,0,-1,-1,-1,0,0,-1,-1,-1,0,0,-1,-1,-1,0,0,-1,-1,-1,0,0,-1,-1,-1,0,0,2,98,-1,0,0,-1,-1,-1,0,0,-1,-1,-1,0,0,-1,-1,-1,0,0,-1,-1,-1,0,0,-1,-1,-1,0,0,-1,-1,-1,0,0,-1,-1,-1,0,0,2,98,-1,0,0,-1,-1,-1,0
1,0,-1,-1,-1,0,0,-1,-1,-1,0,0,-1,-1,-1,0,0,-1,-1,-1,0,0,-1,-1,-1,0,0,-1,-1,-1,0,0,-1,-1,-1,0,0,-1,-1,-1,0,0,-1,-1,-1,0,0,1,99,-1,0,0,-1,-1,-1,0,0,-1,-1,-1,0,0,-1,-1,-1,0,0,-1,-1,-1,0,0,-1,-1,-1,0,0,-1,-1,-1,0,0,-1,-1,-1,0,0,2,98,-1,0,0,-1,-1,-1,0,0,-1,-1,-1,0,0,-1,-1,-1,0,0,-1,-1,-1,0,0,-1,-1,-1,0,0,-1,-1,-1,0,0,-1,-1,-1,0,0,2,98,-1,0,0,-1,-1,-1,0,0,-1,-1,-1,0,0,-1,-1,-1,0,0,-1,-1,-1,0,0,-1,-1,-1,0,0,-1,-1,-1,0,0,-1,-1,-1,0,0,-1,-1,-1,0,0,3,96,-1,0,5,0,-1,-1,-1,0,0,-1,-1,-1,0,0,-1,-1,-1,0,0,-1,-1,-1,0,0,-1,-1,-1,0,0,-1,-1,-1,0,0,-1,-1,-1,0,0,-1,-1,-1,0,0,-1,-1,-1,0,0,1,99,-1,0,0,-1,-1,-1,0,0,-1,-1,-1,0,0,-1,-1,-1,0,0,-1,-1,-1,0,0,-1,-1,-1,0,0,-1,-1,-1,0,0,-1,-1,-1,0,0,1,99,-1,0,0,-1,-1,-1,0,0,-1,-1,-1,0,0,-1,-1,-1,0,0,-1,-1,-1,0,0,-1,-1,-1,0,0,-1,-1,-1,0,0,-1,-1,-1,0,0,2,98,-1,0,0,-1,-1,-1,0,0,-1,-1,-1,0,0,-1,-1,-1,0,0,-1,-1,-1,0,0,-1,-1,-1,0,0,-1,-1,-1,0,0,-1,-1,-1,0,0,-1,-1,-1,0,0,3,96,-1,0
2,0,-1,-1,-1,0,0,1,99,-1,0,0,-1,-1,-1,0,0,-1,-1,-1,0,0,-1,-1,-1,0,0,-1,-1,-1,0,0,-1,-1,-1,0,0,-1,-1,-1,0,0,-1,-1,-1,0,0,1,99,-1,0,0,-1,-1,-1,0,0,-1,-1,-1,0,0,-1,-1,-1,0,0,-1,-1,-1,0,0,-1,-1,-1,0,0,-1,-1,-1,0,0,-1,-1,-1,0,0,2,98,-1,0,0,-1,-1,-1,0,0,-1,-1,-1,0,0,-1,-1,-1,0,0,-1,-1,-1,0,0,-1,-1,-1,0,0,-1,-1,-1,0,0,-1,-1,-1,0,0,-1,-1,-1,0,0,3,96,-1,0,0,-1,-1,-1,0,0,-1,-1,-1,0,0,-1,-1,-1,0,0,-1,-1,-1,0,0,-1,-1,-1,0,0,-1,-1,-1,0,0,-1,-1,-1,0,0,-1,-1,-1,0,5,0,-1,-1,-1,0,0,1,99,-1,0,0,-1,-1,-1,0,0,-1,-1,-1,0,0,-1,-1,-1,0,0,-1,-1,-1,0,0,-1,-1,-1,0,0,-1,-1,-1,0,0,-1,-1,-1,0,0,1,99,-1,0,0,-1,-1,-1,0,0,-1,-1,-1,0,0,-1,-1,-1,0,0,-1,-1,-1,0,0,-1,-1,-1,0,0,-1,-1,-1,0,0,-1,-1,-1,0,0,1,99,-1,0,0,-1,-1,-1,0,0,-1,-1,-1,0,0,-1,-1,-1,0,0,-1,-1,-1,0,0,-1,-1,-1,0,0,-1,-1,-1,0,0,-1,-1,-1,0,0,-1,-1,-1,0,0,3,96,-1,0,0,-1,-1,-1,0,0,-1,-1,-1,0,0,-1,-1,-1,0,0,-1,-1,-1,0,0,-1,-1,-1,0,0,-1,-1,-1,0,0,-1,-1,-1,0,0,-1,-1,-1,0
3,0,1,99,-1,0,0,-1,-1,-1,0,0,-1,-1,-1,0,0,-1,-1,-1,0,0,-1,-1,-1,0,0,-1,-1,-1,0,0,-1,-1,-1,0,0,-1,-1,-1,0,0,1,99,-1,0,0,-1,-1,-1,0,0,-1,-1,-1,0,0,-1,-1,-1,0,0,-1,-1,-1,0,0,-1,-1,-1,0,0,-1,-1,-1,0,0,-1,-1,-1,0,0,-1,-1,-1,0,0,3,96,-1,0,0,-1,-1,-1,0,0,-1,-1,-1,0,0,-1,-1,-1,0,0,-1,-1,-1,0,0,-1,-1,-1,0,0,-1,-1,-1,0,0,-1,-1,-1,0,0,-1,-1,-1,0,0,-1,-1,-1,0,0,-1,-1,-1,0,0,-1,-1,-1,0,0,-1,-1,-1,0,0,-1,-1,-1,0,0,-1,-1,-1,0,0,-1,-1,-1,0,0,-1,-1,-1,0,0,-1,-1,-1,0,5,0,1,99,-1,0,0,-1,-1,-1,0,0,-1,-1,-1,0,0,-1,-1,-1,0,0,-1,-1,-1,0,0,-1,-1,-1,0,0,-1,-1,-1,0,0,-1,-1,-1,0,0,1,99,-1,0,0,-1,-1,-1,0,0,-1,-1,-1,0,0,-1,-1,-1,0,0,-1,-1,-1,0,0,-1,-1,-1,0,0,-1,-1,-1,0,0,-1,-1,-1,0,0,-1,-1,-1,0,0,2,97,-1,0,0,-1,-1,-1,0,0,-1,-1,-1,0,0,-1,-1,-1,0,0,-1,-1,-1,0,0,-1,-1,-1,0,0,-1,-1,-1,0,0,-1,-1,-1,0,0,-1,-1,-1,0,0,-1,-1,-1,0,0,-1,-1,-1,0,0,-1,-1,-1,0,0,-1,-1,-1,0,0,-1,-1,-1,0,0,-1,-1,-1,0,0,-1,-1,-1,0,0,-1,-1,-1,0,0,-1,-1,-1,0
0,0,-1,-1,-1,0,0,-1,-1,-1,0,0,-1,-1,-1,0,0,-1,-1,-1,0,0,-1,-1,-1,0,0,-1,-1,-1,0,0,-1,-1,-1,0,0,-1,-1,-1,0,0,-1,-1,-1,0,0,-1,-1,-1,0,0,-1,-1,-1,0,0,-1,-1,-1,0,0,-1,-1,-1,0,0,-1,-1,-1,0,0,-1,-1,-1,0,0,-1,-1,-1,0,0,-1,-1,-1,0,0,1,99,-1,0,0,-1,-1,-1,0,0,-1,-1,-1,0,0,-1,-1,-1,0,0,-1,-1,-1,0,0,-1,-1,-1,0,0,-1,-1,-1,0,0,-1,-1,-1,0,0,1,99,-1,0,0,-1,-1,-1,0,0,-1,-1,-1,0,0,-1,-1,-1,0,0,-1,-1,-1,0,0,-1,-1,-1,0,0,-1,-1,-1,0,0,-1,-1,-1,0,0,1,99,-1,0,0,-1,-1,-1,0,2,0,-1,-1,-1,0,0,-1,-1,-1,0,0,-1,-1,-1,0,0,-1,-1,-1,0,0,-1,-1,-1,0,0,-1,-1,-1,0,0,-1,-1,-1,0,0,-1,-1,-1,0,0,-1,-1,-1,0,0,-1,-1,-1,0,0,-1,-1,-1,0,0,-1,-1,-1,0,0,-1,-1,-1,0,0,-1,-1,-1,0,0,-1,-1,-1,0,0,-1,-1,-1,0,0,-1,-1,-1,0,0,0,99,-1,0,0,-1,-1,-1,0,0,-1,-1,-1,0,0,-1,-1,-1,0,0,-1,-1,-1,0,0,-1,-1,-1,0,0,-1,-1,-1,0,0,1,99,-1,0,0,-1,-1,-1,0,0,-1,-1,-1,0,0,-1,-1,-1,0,0,-1,-1,-1,0,0,-1,-1,-1,0,0,-1,-1,-1,0,0,-1,-1,-1,0,0,1,99,-1,0,0,-1,-1,-1,0,0,-1,-1,-1,0
1,0,-1,-1,-1,0,0,-1,-1,-1,0,0,-1,-1,-1,0,0,-1,-1,-1,0,0,-1,-1,-1,0,0,-1,-1,-1,0,0,-1,-1,-1,0,0,-1,-1,-1,0,0,-1,-1,-1,0,0,-1,-1,-1,0,0,0,99,-1,0,0,-1,-1,-1,0,0,-1,-1,-1,0,0,-1,-1,-1,0,0,-1,-1,-1,0,0,-1,-1,-1,0,0,-1,-1,-1,0,0,1,99,-1,0,0,-1,-1,-1,0,0,-1,-1,-1,0,0,-1,-1,-1,0,0,-1,-1,-1,0,0,-1,-1,-1,0,0,-1,-1,-1,0,0,-1,-1,-1,0,0,1,99,-1,0,0,-1,-1,-1,0,0,-1,-1,-1,0,0,-1,-1,-1,0,0,-1,-1,-1,0,0,-1,-1,-1,0,0,-1,-1,-1,0,0,-1,-1,-1,0,0,-1,-1,-1,0,0,2,97,-1,0,0,0,-1,-1,-1,0,0,-1,-1,-1,0,0,-1,-1,-1,0,0,0,99,-1,0,0,-1,-1,-1,0,0,-1,-1,-1,0,0,-1,-1,-1,0,0,-1,-1,-1,0,0,-1,-1,-1,0,0,-1,-1,-1,0,0,-1,-1,-1,0,0,-1,-1,-1,0,0,-1,-1,-1,0,0,-1,-1,-1,0,0,-1,-1,-1,0,0,-1,-1,-1,0,0,-1,-1,-1,0,0,0,99,-1,0,0,1,99,-1,0,0,-1,-1,-1,0,0,-1,-1,-1,0,0,-1,-1,-1,0,0,-1,-1,-1,0,0,-1,-1,-1,0,0,-1,-1,-1,0,0,-1,-1,-1,0,0,-1,-1,-1,0,0,2,97,-1,0,0,-1,-1,-1,0,0,-1,-1,-1,0,0,-1,-1,-1,0,0,-1,-1,-1,0,0,-1,-1,-1,0,0,-1,-1,-1,0,0,-1,-1,-1,0
2,0,-1,-1,-1,0,0,-1,-1,-1,0,0,0,99,-1,0,0,-1,-1,-1,0,0,-1,-1,-1,0,0,-1,-1,-1,0,0,-1,-1,-1,0,0,-1,-1,-1,0,0,-1,-1,-1,0,0,-1,-1,-1,0,0,-1,-1,-1,0,0,-1,-1,-1,0,0,-1,-1,-1,0,0,-1,-1,-1,0,0,-1,-1,-1,0,0,-1,-1,-1,0,0,0,99,-1,0,0,1,99,-1,0,0,-1,-1,-1,0,0,-1,-1,-1,0,0,-1,-1,-1,0,0,-1,-1,-1,0,0,-1,-1,-1,0,0,-1,-1,-1,0,0,-1,-1,-1,0,0,-1,-1,-1,0,0,2,97,-1,0,0,-1,-1,-1,0,0,-1,-1,-1,0,0,-1,-1,-1,0,0,-1,-1,-1,0,0,-1,-1,-1,0,0,-1,-1,-1,0,0,-1,-1,-1,0,0,-1,-1,-1,0,3,0,-1,-1,-1,0,0,-1,-1,-1,0,0,-1,-1,-1,0,0,0,99,-1,0,0,-1,-1,-1,0,0,-1,-1,-1,0,0,-1,-1,-1,0,0,-1,-1,-1,0,0,-1,-1,-1,0,0,-1,-1,-1,0,0,-1,-1,-1,0,0,-1,-1,-1,0,0,-1,-1,-1,0,0,-1,-1,-1,0,0,-1,-1,-1,0,0,-1,-1,-1,0,0,-1,-1,-1,0,0,0,99,0,99,0,-1,-1,-1,0,0,-1,-1,-1,0,0,-1,-1,-1,0,0,-1,-1,-1,0,0,-1,-1,-1,0,0,-1,-1,-1,0,0,-1,-1,-1,0,0,-1,-1,-1,0,0,-1,-1,-1,0,0,2,97,-1,0,0,-1,-1,-1,0,0,-1,-1,-1,0,0,-1,-1,-1,0,0,-1,-1,-1,0,0,-1,-1,-1,0,0,-1,-1,-1,0,0,-1,-1,-1,0
3,0,-1,-1,-1,0,0,-1,-1,-1,0,0,-1,-1,-1,0,0,-1,-1,-1,0,0,-1,-1,-1,0,0,-1,-1,-1,0,0,-1,-1,-1,0,0,0,99,0,99,0,-1,-1,-1,0,0,-1,-1,-1,0,0,-1,-1,-1,0,0,-1,-1,-1,0,0,-1,-1,-1,0,0,-1,-1,-1,0,0,-1,-1,-1,0,0,-1,-1,-1,0,0,-1,-1,-1,0,0,2,97,-1,0,0,-1,-1,-1,0,0,-1,-1,-1,0,0,-1,-1,-1,0,0,-1,-1,-1,0,0,-1,-1,-1,0,0,-1,-1,-1,0,0,-1,-1,-1,0,0,-1,-1,-1,0,0,-1,-1,-1,0,0,-1,-1,-1,0,0,-1,-1,-1,0,0,-1,-1,-1,0,0,-1,-1,-1,0,0,-1,-1,-1,0,0,-1,-1,-1,0,0,-1,-1,-1,0,0,-1,-1,-1,0,5,0,-1,-1,-1,0,0,-1,-1,-1,0,0,-1,-1,-1,0,0,-1,-1,-1,0,0,-1,-1,-1,0,0,-1,-1,-1,0,0,-1,-1,-1,0,0,0,99,0,99,0,-1,-1,-1,0,0,-1,-1,-1,0,0,-1,-1,-1,0,0,-1,-1,-1,0,0,-1,-1,-1,0,0,-1,-1,-1,0,0,-1,-1,-1,0,0,-1,-1,-1,0,0,-1,-1,-1,0,0,1,98,-1,0,0,-1,-1,-1,0,0,-1,-1,-1,0,0,-1,-1,-1,0,0,-1,-1,-1,0,0,-1,-1,-1,0,0,-1,-1,-1,0,0,-1,-1,-1,0,0,-1,-1,-1,0,0,-1,-1,-1,0,0,-1,-1,-1,0,0,-1,-1,-1,0,0,-1,-1,-1,0,0,-1,-1,-1,0,0,-1,-1,-1,0,0,-1,-1,-1,0,0,-1,-1,-1,0,0,-1,-1,-1,0
3,0,-1,-1,-1,0,0,-1,-1,-1,0,0,-1,-1,-1,0,0,-1,-1,-1,0,0,-1,-1,-1,0,0,-1,-1,-1,0,0,-1,-1,-1,0,0,0,99,0,99,0,-1,-1,-1,0,0,-1,-1,-1,0,0,-1,-1,-1,0,0,-1,-1,-1,0,0,-1,-1,-1,0,0,-1,-1,-1,0,0,-1,-1,-1,0,0,-1,-1,-1,0,0,-1,-1,-1,0,0,1,98,-1,0,0,-1,-1,-1,0,0,-1,-1,-1,0,0,-1,-1,-1,0,0,-1,-1,-1,0,0,-1,-1,-1,0,0,-1,-1,-1,0,0,-1,-1,-1,0,0,-1,-1,-1,0,0,-1,-1,-1,0,0,-1,-1,-1,0,0,-1,-1,-1,0,0,-1,-1,-1,0,0,-1,-1,-1,0,0,-1,-1,-1,0,0,-1,-1,-1,0,0,-1,-1,-1,0,0,-1,-1,-1,0,2,0,-1,-1,-1,0,0,-1,-1,-1,0,0,-1,-1,-1,0,0,-1,-1,-1,0,0,-1,-1,-1,0,0,-1,-1,-1,0,0,-1,-1,-1,0,0,-1,-1,-1,0,0,-1,-1,-1,0,0,-1,-1,-1,0,0,-1,-1,-1,0,0,-1,-1,-1,0,0,-1,-1,-1,0,0,-1,-1,-1,0,0,-1,-1,-1,0,0,-1,-1,-1,0,0,-1,-1,-1,0,0,0,98,-1,0,0,-1,-1,-1,0,0,-1,-1,-1,0,0,-1,-1,-1,0,0,-1,-1,-1,0,0,-1,-1,-1,0,0,-1,-1,-1,0,0,-1,-1,-1,0,0,-1,-1,-1,0,0,-1,-1,-1,0,0,-1,-1,-1,0,0,-1,-1,-1,0,0,-1,-1,-1,0,0,-1,-1,-1,0,0,-1,-1,-1,0,0,-1,-1,-1,0,0,-1,-1,-1,0,0,-1,-1,-1,0
