0,0,-1,-1,-1,0,0,-1,-1,-1,0,0,-1,-1,-1,0,0,-1,-1,-1,0,0,-1,-1,-1,0,0,-1,-1,-1,0,0,-1,-1,-1,0,0,-1,-1,-1,0,0,-1,-1,-1,0,0,-1,-1,-1,0,0,-1,-1,-1,0,0,-1,-1,-1,0,0,-1,-1,-1,0,0,-1,-1,-1,0,0,-1,-1,-1,0,0,-1,-1,-1,0,0,-1,-1,-1,0,0,100,0,-1,0,0,-1,-1,-1,0,0,-1,-1,-1,0,0,-1,-1,-1,0,0,-1,-1,-1,0,0,-1,-1,-1,0,0,-1,-1,-1,0,0,-1,-1,-1,0,0,100,0,-1,0,0,-1,-1,-1,0,0,-1,-1,-1,0,0,-1,-1,-1,0,0,-1,-1,-1,0,0,-1,-1,-1,0,0,-1,-1,-1,0,0,-1,-1,-1,0,0,100,0,-1,0,0,-1,-1,-1,0,6,0,-1,-1,-1,0,0,-1,-1,-1,0,0,-1,-1,-1,0,0,-1,-1,-1,0,0,-1,-1,-1,0,0,-1,-1,-1,0,0,-1,-1,-1,0,0,-1,-1,-1,0,0,-1,-1,-1,0,0,-1,-1,-1,0,10,-1,-1,-1,0,0,-1,-1,-1,0,0,-1,-1,-1,0,0,-1,-1,-1,0,0,-1,-1,-1,0,0,-1,-1,-1,0,10,-1,-1,-1,0,10,80,0,-1,0,10,-1,-1,-1,0,0,-1,-1,-1,0,0,-1,-1,-1,0,0,-1,-1,-1,0,0,-1,-1,-1,0,0,-1,-1,-1,0,10,-1,-1,-1,0,0,100,0,-1,0,0,-1,-1,-1,0,0,-1,-1,-1,0,0,-1,-1,-1,0,0,-1,-1,-1,0,0,-1,-1,-1,0,0,-1,-1,-1,0,0,-1,-1,-1,0,0,100,0,-1,0,0,-1,-1,-1,0
1,0,-1,-1,-1,0,0,-1,-1,-1,0,10,-1,-1,-1,0,0,-1,-1,-1,0,0,-1,-1,-1,0,0,-1,-1,-1,0,0,-1,-1,-1,0,0,-1,-1,-1,0,10,-1,-1,-1,0,10,80,0,-1,0,10,-1,-1,-1,0,0,-1,-1,-1,0,0,-1,-1,-1,0,0,-1,-1,-1,0,0,-1,-1,-1,0,0,-1,-1,-1,0,10,-1,-1,-1,0,0,100,0,-1,0,0,-1,-1,-1,0,0,-1,-1,-1,0,0,-1,-1,-1,0,0,-1,-1,-1,0,0,-1,-1,-1,0,0,-1,-1,-1,0,0,-1,-1,-1,0,0,100,0,-1,0,0,-1,-1,-1,0,0,-1,-1,-1,0,0,-1,-1,-1,0,0,-1,-1,-1,0,0,-1,-1,-1,0,0,-1,-1,-1,0,0,-1,-1,-1,0,0,100,0,-1,0,0,-1,-1,-1,0,0,0,-1,-1,-1,0,10,-1,-1,-1,0,10,80,0,-1,0,10,-1,-1,-1,0,0,-1,-1,-1,0,0,-1,-1,-1,0,0,-1,-1,-1,0,0,-1,-1,-1,0,0,-1,-1,-1,0,10,-1,-1,-1,0,0,-1,-1,-1,0,0,-1,-1,-1,0,0,-1,-1,-1,0,0,-1,-1,-1,0,0,-1,-1,-1,0,0,-1,-1,-1,0,0,-1,-1,-1,0,0,99,0,-1,0,0,100,0,-1,0,0,-1,-1,-1,0,0,-1,-1,-1,0,0,-1,-1,-1,0,0,-1,-1,-1,0,0,-1,-1,-1,0,0,-1,-1,-1,0,0,-1,-1,-1,0,0,100,0,-1,0,0,-1,-1,-1,0,0,-1,-1,-1,0,0,-1,-1,-1,0,0,-1,-1,-1,0,0,-1,-1,-1,0,0,-1,-1,-1,0,0,-1,-1,-1,0,0,-1,-1,-1,0
2,10,-1,-1,-1,0,10,80,0,-1,0,10,-1,-1,-1,0,0,-1,-1,-1,0,0,-1,-1,-1,0,0,-1,-1,-1,0,0,-1,-1,-1,0,0,-1,-1,-1,0,10,-1,-1,-1,0,0,-1,-1,-1,0,0,-1,-1,-1,0,0,-1,-1,-1,0,0,-1,-1,-1,0,0,-1,-1,-1,0,0,-1,-1,-1,0,0,-1,-1,-1,0,0,99,0,-1,0,0,100,0,-1,0,0,-1,-1,-1,0,0,-1,-1,-1,0,0,-1,-1,-1,0,0,-1,-1,-1,0,0,-1,-1,-1,0,0,-1,-1,-1,0,0,-1,-1,-1,0,0,100,0,-1,0,0,-1,-1,-1,0,0,-1,-1,-1,0,0,-1,-1,-1,0,0,-1,-1,-1,0,0,-1,-1,-1,0,0,-1,-1,-1,0,0,-1,-1,-1,0,0,-1,-1,-1,0,0,-1,-1,-1,0,5,10,-1,-1,-1,0,10,80,0,-1,0,10,-1,-1,-1,0,0,-1,-1,-1,0,0,-1,-1,-1,0,0,-1,-1,-1,0,0,-1,-1,-1,0,0,-1,-1,-1,0,10,-1,-1,-1,0,0,-1,-1,-1,0,0,-1,-1,-1,0,0,-1,-1,-1,0,0,-1,-1,-1,0,0,-1,-1,-1,0,0,-1,-1,-1,0,0,-1,-1,-1,0,0,99,0,-1,0,0,50,50,-1,0,0,-1,-1,-1,0,0,-1,-1,-1,0,0,-1,-1,-1,0,0,-1,-1,-1,0,0,-1,-1,-1,0,0,-1,-1,-1,0,0,-1,-1,-1,0,0,100,0,-1,0,0,-1,-1,-1,0,0,-1,-1,-1,0,0,-1,-1,-1,0,0,-1,-1,-1,0,0,-1,-1,-1,0,0,-1,-1,-1,0,0,-1,-1,-1,0,0,-1,-1,-1,0,0,-1,-1,-1,0
3,10,-1,-1,-1,0,0,-1,-1,-1,0,0,-1,-1,-1,0,0,-1,-1,-1,0,0,-1,-1,-1,0,0,-1,-1,-1,0,0,-1,-1,-1,0,0,-1,-1,-1,0,0,99,0,-1,0,0,50,50,-1,0,0,-1,-1,-1,0,0,-1,-1,-1,0,0,-1,-1,-1,0,0,-1,-1,-1,0,0,-1,-1,-1,0,0,-1,-1,-1,0,0,-1,-1,-1,0,0,100,0,-1,0,0,-1,-1,-1,0,0,-1,-1,-1,0,0,-1,-1,-1,0,0,-1,-1,-1,0,0,-1,-1,-1,0,0,-1,-1,-1,0,0,-1,-1,-1,0,0,-1,-1,-1,0,0,-1,-1,-1,0,0,-1,-1,-1,0,0,-1,-1,-1,0,0,-1,-1,-1,0,0,-1,-1,-1,0,0,-1,-1,-1,0,0,-1,-1,-1,0,0,-1,-1,-1,0,0,-1,-1,-1,0,3,0,-1,-1,-1,0,10,-1,-1,-1,0,0,-1,-1,-1,0,0,-1,-1,-1,0,0,-1,-1,-1,0,0,-1,-1,-1,0,0,-1,-1,-1,0,0,-1,-1,-1,0,0,-1,-1,-1,0,0,99,0,-1,0,0,50,50,-1,0,0,-1,-1,-1,0,0,-1,-1,-1,0,0,-1,-1,-1,0,0,-1,-1,-1,0,0,-1,-1,-1,0,0,-1,-1,-1,0,0,99,0,-1,0,0,-1,-1,-1,0,0,-1,-1,-1,0,0,-1,-1,-1,0,0,-1,-1,-1,0,0,-1,-1,-1,0,0,-1,-1,-1,0,0,-1,-1,-1,0,0,-1,-1,-1,0,0,-1,-1,-1,0,0,-1,-1,-1,0,0,-1,-1,-1,0,0,-1,-1,-1,0,0,-1,-1,-1,0,0,-1,-1,-1,0,0,-1,-1,-1,0,0,-1,-1,-1,0,0,-1,-1,-1,0
0,0,-1,-1,-1,0,0,-1,-1,-1,0,0,-1,-1,-1,0,0,-1,-1,-1,0,0,-1,-1,-1,0,0,-1,-1,-1,0,0,-1,-1,-1,0,0,-1,-1,-1,0,0,-1,-1,-1,0,0,-1,-1,-1,0,10,-1,-1,-1,0,0,-1,-1,-1,0,0,-1,-1,-1,0,0,-1,-1,-1,0,0,-1,-1,-1,0,0,-1,-1,-1,0,10,-1,-1,-1,0,10,80,0,-1,0,10,-1,-1,-1,0,0,-1,-1,-1,0,0,-1,-1,-1,0,0,-1,-1,-1,0,0,-1,-1,-1,0,0,-1,-1,-1,0,10,-1,-1,-1,0,0,-1,-1,-1,0,0,-1,-1,-1,0,0,-1,-1,-1,0,0,-1,-1,-1,0,0,-1,-1,-1,0,0,-1,-1,-1,0,0,-1,-1,-1,0,0,99,0,-1,0,0,50,50,-1,0,0,-1,-1,-1,0,2,0,-1,-1,-1,0,0,-1,-1,-1,0,0,-1,-1,-1,0,0,-1,-1,-1,0,0,-1,-1,-1,0,0,-1,-1,-1,0,0,-1,-1,-1,0,0,-1,-1,-1,0,0,-1,-1,-1,0,10,-1,-1,-1,0,0,-1,-1,-1,0,0,-1,-1,-1,0,0,-1,-1,-1,0,0,-1,-1,-1,0,0,-1,-1,-1,0,10,-1,-1,-1,0,10,-1,-1,-1,0,10,79,0,-1,0,0,-1,-1,-1,0,0,-1,-1,-1,0,0,-1,-1,-1,0,0,-1,-1,-1,0,0,-1,-1,-1,0,10,-1,-1,-1,0,0,-1,-1,-1,0,0,-1,-1,-1,0,0,-1,-1,-1,0,0,-1,-1,-1,0,0,-1,-1,-1,0,0,-1,-1,-1,0,0,-1,-1,-1,0,0,99,0,-1,0,0,50,50,-1,0,0,-1,-1,-1,0,0,-1,-1,-1,0
1,0,-1,-1,-1,0,10,-1,-1,-1,0,10,-1,-1,-1,0,10,79,0,-1,0,0,-1,-1,-1,0,0,-1,-1,-1,0,0,-1,-1,-1,0,0,-1,-1,-1,0,0,-1,-1,-1,0,10,-1,-1,-1,0,0,-1,-1,-1,0,0,-1,-1,-1,0,0,-1,-1,-1,0,0,-1,-1,-1,0,0,-1,-1,-1,0,0,-1,-1,-1,0,0,-1,-1,-1,0,0,99,0,-1,0,0,50,50,-1,0,0,-1,-1,-1,0,0,-1,-1,-1,0,0,-1,-1,-1,0,0,-1,-1,-1,0,0,-1,-1,-1,0,0,-1,-1,-1,0,0,99,0,-1,0,0,-1,-1,-1,0,0,-1,-1,-1,0,0,-1,-1,-1,0,0,-1,-1,-1,0,0,-1,-1,-1,0,0,-1,-1,-1,0,0,-1,-1,-1,0,0,-1,-1,-1,0,0,-1,-1,-1,0,3,0,-1,-1,-1,0,0,-1,-1,-1,0,10,-1,-1,-1,0,10,-1,-1,-1,0,10,79,0,-1,0,0,-1,-1,-1,0,0,-1,-1,-1,0,0,-1,-1,-1,0,0,-1,-1,-1,0,0,-1,-1,-1,0,10,-1,-1,-1,0,0,-1,-1,-1,0,0,-1,-1,-1,0,0,-1,-1,-1,0,0,-1,-1,-1,0,0,-1,-1,-1,0,0,-1,-1,-1,0,0,98,0,-1,0,0,-1,-1,-1,0,0,50,50,-1,0,0,-1,-1,-1,0,0,-1,-1,-1,0,0,-1,-1,-1,0,0,-1,-1,-1,0,0,-1,-1,-1,0,0,-1,-1,-1,0,0,99,0,-1,0,0,-1,-1,-1,0,0,-1,-1,-1,0,0,-1,-1,-1,0,0,-1,-1,-1,0,0,-1,-1,-1,0,0,-1,-1,-1,0,0,-1,-1,-1,0,0,-1,-1,-1,0
2,10,-1,-1,-1,0,10,-1,-1,-1,0,10,79,0,-1,0,0,-1,-1,-1,0,0,-1,-1,-1,0,0,-1,-1,-1,0,0,-1,-1,-1,0,0,-1,-1,-1,0,10,-1,-1,-1,0,0,-1,-1,-1,0,0,-1,-1,-1,0,0,-1,-1,-1,0,0,-1,-1,-1,0,0,-1,-1,-1,0,0,-1,-1,-1,0,0,98,0,-1,0,0,-1,-1,-1,0,0,50,50,-1,0,0,-1,-1,-1,0,0,-1,-1,-1,0,0,-1,-1,-1,0,0,-1,-1,-1,0,0,-1,-1,-1,0,0,-1,-1,-1,0,0,99,0,-1,0,0,-1,-1,-1,0,0,-1,-1,-1,0,0,-1,-1,-1,0,0,-1,-1,-1,0,0,-1,-1,-1,0,0,-1,-1,-1,0,0,-1,-1,-1,0,0,-1,-1,-1,0,0,-1,-1,-1,0,0,-1,-1,-1,0,3,0,-1,-1,-1,0,10,-1,-1,-1,0,10,-1,-1,-1,0,10,79,0,-1,0,0,-1,-1,-1,0,0,-1,-1,-1,0,0,-1,-1,-1,0,0,-1,-1,-1,0,0,-1,-1,-1,0,10,-1,-1,-1,0,0,-1,-1,-1,0,0,-1,-1,-1,0,0,-1,-1,-1,0,0,-1,-1,-1,0,0,-1,-1,-1,0,0,-1,-1,-1,0,0,98,0,-1,0,0,49,50,-1,0,0,-1,-1,-1,0,0,-1,-1,-1,0,0,-1,-1,-1,0,0,-1,-1,-1,0,0,-1,-1,-1,0,0,-1,-1,-1,0,0,-1,-1,-1,0,0,99,0,-1,0,0,-1,-1,-1,0,0,-1,-1,-1,0,0,-1,-1,-1,0,0,-1,-1,-1,0,0,-1,-1,-1,0,0,-1,-1,-1,0,0,-1,-1,-1,0,0,-1,-1,-1,0,0,-1,-1,-1,0
3,0,-1,-1,-1,0,10,-1,-1,-1,0,0,-1,-1,-1,0,0,-1,-1,-1,0,0,-1,-1,-1,0,0,-1,-1,-1,0,0,-1,-1,-1,0,0,-1,-1,-1,0,0,98,0,-1,0,0,49,50,-1,0,0,-1,-1,-1,0,0,-1,-1,-1,0,0,-1,-1,-1,0,0,-1,-1,-1,0,0,-1,-1,-1,0,0,-1,-1,-1,0,0,-1,-1,-1,0,0,99,0,-1,0,0,-1,-1,-1,0,0,-1,-1,-1,0,0,-1,-1,-1,0,0,-1,-1,-1,0,0,-1,-1,-1,0,0,-1,-1,-1,0,0,-1,-1,-1,0,0,-1,-1,-1,0,0,-1,-1,-1,0,0,-1,-1,-1,0,0,-1,-1,-1,0,0,-1,-1,-1,0,0,-1,-1,-1,0,0,-1,-1,-1,0,0,-1,-1,-1,0,0,-1,-1,-1,0,0,-1,-1,-1,0,1,10,-1,-1,-1,0,10,-1,-1,-1,0,10,79,0,-1,0,0,-1,-1,-1,0,0,-1,-1,-1,0,0,-1,-1,-1,0,0,-1,-1,-1,0,0,-1,-1,-1,0,10,-1,-1,-1,0,0,-1,-1,-1,0,0,-1,-1,-1,0,0,-1,-1,-1,0,0,-1,-1,-1,0,0,-1,-1,-1,0,0,-1,-1,-1,0,0,98,0,-1,0,0,49,50,-1,0,0,98,0,-1,0,0,-1,-1,-1,0,0,-1,-1,-1,0,0,-1,-1,-1,0,0,-1,-1,-1,0,0,-1,-1,-1,0,0,-1,-1,-1,0,0,-1,-1,-1,0,0,-1,-1,-1,0,0,-1,-1,-1,0,0,-1,-1,-1,0,0,-1,-1,-1,0,0,-1,-1,-1,0,0,-1,-1,-1,0,0,-1,-1,-1,0,0,-1,-1,-1,0,0,-1,-1,-1,0,0,-1,-1,-1,0
0,0,-1,-1,-1,0,0,-1,-1,-1,0,0,-1,-1,-1,0,0,-1,-1,-1,0,0,-1,-1,-1,0,0,-1,-1,-1,0,0,-1,-1,-1,0,0,-1,-1,-1,0,0,-1,-1,-1,0,10,-1,-1,-1,0,0,-1,-1,-1,0,0,-1,-1,-1,0,0,-1,-1,-1,0,0,-1,-1,-1,0,0,-1,-1,-1,0,10,-1,-1,-1,0,10,-1,-1,-1,0,10,79,0,-1,0,0,-1,-1,-1,0,0,-1,-1,-1,0,0,-1,-1,-1,0,0,-1,-1,-1,0,0,-1,-1,-1,0,10,-1,-1,-1,0,0,-1,-1,-1,0,0,-1,-1,-1,0,0,-1,-1,-1,0,0,-1,-1,-1,0,0,-1,-1,-1,0,0,-1,-1,-1,0,0,98,0,-1,0,0,49,50,-1,0,0,98,0,-1,0,0,-1,-1,-1,0,0,-1,-1,-1,0,0,0,-1,-1,-1,0,0,-1,-1,-1,0,10,-1,-1,-1,0,0,-1,-1,-1,0,0,-1,-1,-1,0,0,-1,-1,-1,0,0,-1,-1,-1,0,0,-1,-1,-1,0,10,-1,-1,-1,0,10,-1,-1,-1,0,10,-1,-1,-1,0,0,-1,-1,-1,0,0,-1,-1,-1,0,0,-1,-1,-1,0,0,-1,-1,-1,0,0,-1,-1,-1,0,10,-1,-1,-1,0,0,78,0,-1,0,0,-1,-1,-1,0,0,-1,-1,-1,0,0,-1,-1,-1,0,0,-1,-1,-1,0,0,-1,-1,-1,0,0,98,0,-1,0,0,49,50,-1,0,0,98,0,-1,0,0,-1,-1,-1,0,0,-1,-1,-1,0,0,-1,-1,-1,0,0,-1,-1,-1,0,0,-1,-1,-1,0,0,-1,-1,-1,0,0,-1,-1,-1,0,0,-1,-1,-1,0,0,-1,-1,-1,0
1,0,-1,-1,-1,0,0,-1,-1,-1,0,10,-1,-1,-1,0,10,-1,-1,-1,0,10,-1,-1,-1,0,0,-1,-1,-1,0,0,-1,-1,-1,0,0,-1,-1,-1,0,0,-1,-1,-1,0,0,-1,-1,-1,0,10,-1,-1,-1,0,0,78,0,-1,0,0,-1,-1,-1,0,0,-1,-1,-1,0,0,-1,-1,-1,0,0,-1,-1,-1,0,0,-1,-1,-1,0,0,98,0,-1,0,0,49,50,-1,0,0,98,0,-1,0,0,-1,-1,-1,0,0,-1,-1,-1,0,0,-1,-1,-1,0,0,-1,-1,-1,0,0,-1,-1,-1,0,0,-1,-1,-1,0,0,-1,-1,-1,0,0,-1,-1,-1,0,0,-1,-1,-1,0,0,-1,-1,-1,0,0,-1,-1,-1,0,0,-1,-1,-1,0,0,-1,-1,-1,0,0,-1,-1,-1,0,0,-1,-1,-1,0,5,0,-1,-1,-1,0,0,-1,-1,-1,0,10,-1,-1,-1,0,10,-1,-1,-1,0,10,-1,-1,-1,0,0,-1,-1,-1,0,0,-1,-1,-1,0,0,-1,-1,-1,0,0,-1,-1,-1,0,0,-1,-1,-1,0,10,-1,-1,-1,0,0,78,0,-1,0,0,-1,-1,-1,0,0,-1,-1,-1,0,0,-1,-1,-1,0,0,-1,-1,-1,0,0,-1,-1,-1,0,0,49,49,-1,0,0,49,50,-1,0,0,98,0,-1,0,0,-1,-1,-1,0,0,-1,-1,-1,0,0,-1,-1,-1,0,0,-1,-1,-1,0,0,-1,-1,-1,0,0,-1,-1,-1,0,0,-1,-1,-1,0,0,-1,-1,-1,0,0,-1,-1,-1,0,0,-1,-1,-1,0,0,-1,-1,-1,0,0,-1,-1,-1,0,0,-1,-1,-1,0,0,-1,-1,-1,0,0,-1,-1,-1,0
2,0,-1,-1,-1,0,10,-1,-1,-1,0,10,-1,-1,-1,0,10,-1,-1,-1,0,0,-1,-1,-1,0,0,-1,-1,-1,0,0,-1,-1,-1,0,0,-1,-1,-1,0,0,-1,-1,-1,0,10,-1,-1,-1,0,0,78,0,-1,0,0,-1,-1,-1,0,0,-1,-1,-1,0,0,-1,-1,-1,0,0,-1,-1,-1,0,0,-1,-1,-1,0,0,49,49,-1,0,0,49,50,-1,0,0,98,0,-1,0,0,-1,-1,-1,0,0,-1,-1,-1,0,0,-1,-1,-1,0,0,-1,-1,-1,0,0,-1,-1,-1,0,0,-1,-1,-1,0,0,-1,-1,-1,0,0,-1,-1,-1,0,0,-1,-1,-1,0,0,-1,-1,-1,0,0,-1,-1,-1,0,0,-1,-1,-1,0,0,-1,-1,-1,0,0,-1,-1,-1,0,0,-1,-1,-1,0,0,-1,-1,-1,0,6,0,-1,-1,-1,0,10,-1,-1,-1,0,10,-1,-1,-1,0,10,-1,-1,-1,0,0,-1,-1,-1,0,0,-1,-1,-1,0,0,-1,-1,-1,0,0,-1,-1,-1,0,0,-1,-1,-1,0,10,-1,-1,-1,0,10,78,0,-1,0,0,-1,-1,-1,0,0,-1,-1,-1,0,0,-1,-1,-1,0,0,-1,-1,-1,0,0,-1,-1,-1,0,10,49,49,-1,0,10,29,50,-1,0,10,98,0,-1,0,0,-1,-1,-1,0,0,-1,-1,-1,0,0,-1,-1,-1,0,0,-1,-1,-1,0,0,-1,-1,-1,0,10,-1,-1,-1,0,0,-1,-1,-1,0,0,-1,-1,-1,0,0,-1,-1,-1,0,0,-1,-1,-1,0,0,-1,-1,-1,0,0,-1,-1,-1,0,0,-1,-1,-1,0,0,-1,-1,-1,0,0,-1,-1,-1,0,0,-1,-1,-1,0
3,10,-1,-1,-1,0,10,-1,-1,-1,0,10,-1,-1,-1,0,0,-1,-1,-1,0,0,-1,-1,-1,0,0,-1,-1,-1,0,0,-1,-1,-1,0,0,-1,-1,-1,0,10,-1,-1,-1,0,10,78,0,-1,0,0,-1,-1,-1,0,0,-1,-1,-1,0,0,-1,-1,-1,0,0,-1,-1,-1,0,0,-1,-1,-1,0,10,49,49,-1,0,10,29,50,-1,0,10,98,0,-1,0,0,-1,-1,-1,0,0,-1,-1,-1,0,0,-1,-1,-1,0,0,-1,-1,-1,0,0,-1,-1,-1,0,10,-1,-1,-1,0,0,-1,-1,-1,0,0,-1,-1,-1,0,0,-1,-1,-1,0,0,-1,-1,-1,0,0,-1,-1,-1,0,0,-1,-1,-1,0,0,-1,-1,-1,0,0,-1,-1,-1,0,0,-1,-1,-1,0,0,-1,-1,-1,0,0,-1,-1,-1,0,5,10,-1,-1,-1,0,10,-1,-1,-1,0,10,-1,-1,-1,0,0,-1,-1,-1,0,0,-1,-1,-1,0,0,-1,-1,-1,0,0,-1,-1,-1,0,0,-1,-1,-1,0,10,-1,-1,-1,0,10,78,0,-1,0,0,-1,-1,-1,0,0,-1,-1,-1,0,0,-1,-1,-1,0,0,-1,-1,-1,0,0,-1,-1,-1,0,10,49,49,-1,0,10,29,50,-1,0,10,49,49,-1,0,0,-1,-1,-1,0,0,-1,-1,-1,0,0,-1,-1,-1,0,0,-1,-1,-1,0,0,-1,-1,-1,0,10,-1,-1,-1,0,0,-1,-1,-1,0,0,-1,-1,-1,0,0,-1,-1,-1,0,0,-1,-1,-1,0,0,-1,-1,-1,0,0,-1,-1,-1,0,0,-1,-1,-1,0,0,-1,-1,-1,0,0,-1,-1,-1,0,0,-1,-1,-1,0,0,-1,-1,-1,0
0,0,-1,-1,-1,0,0,-1,-1,-1,0,10,-1,-1,-1,0,0,-1,-1,-1,0,0,-1,-1,-1,0,0,-1,-1,-1,0,0,-1,-1,-1,0,0,-1,-1,-1,0,10,-1,-1,-1,0,10,-1,-1,-1,0,10,-1,-1,-1,0,0,-1,-1,-1,0,0,-1,-1,-1,0,0,-1,-1,-1,0,0,-1,-1,-1,0,0,-1,-1,-1,0,10,-1,-1,-1,0,10,78,0,-1,0,0,-1,-1,-1,0,0,-1,-1,-1,0,0,-1,-1,-1,0,0,-1,-1,-1,0,0,-1,-1,-1,0,10,49,49,-1,0,10,29,50,-1,0,10,49,49,-1,0,0,-1,-1,-1,0,0,-1,-1,-1,0,0,-1,-1,-1,0,0,-1,-1,-1,0,0,-1,-1,-1,0,10,-1,-1,-1,0,0,-1,-1,-1,0,0,-1,-1,-1,0,0,-1,-1,-1,0,2,0,-1,-1,-1,0,10,-1,-1,-1,0,0,-1,-1,-1,0,0,-1,-1,-1,0,0,-1,-1,-1,0,0,-1,-1,-1,0,0,-1,-1,-1,0,10,-1,-1,-1,0,10,-1,-1,-1,0,10,-1,-1,-1,0,0,-1,-1,-1,0,0,-1,-1,-1,0,0,-1,-1,-1,0,0,-1,-1,-1,0,0,-1,-1,-1,0,10,-1,-1,-1,0,10,-1,-1,-1,0,0,77,0,-1,0,0,-1,-1,-1,0,0,-1,-1,-1,0,0,-1,-1,-1,0,0,-1,-1,-1,0,10,49,49,-1,0,10,29,50,-1,0,10,49,49,-1,0,0,-1,-1,-1,0,0,-1,-1,-1,0,0,-1,-1,-1,0,0,-1,-1,-1,0,0,-1,-1,-1,0,10,-1,-1,-1,0,0,-1,-1,-1,0,0,-1,-1,-1,0,0,-1,-1,-1,0,0,-1,-1,-1,0
1,0,-1,-1,-1,0,0,-1,-1,-1,0,10,-1,-1,-1,0,10,-1,-1,-1,0,10,-1,-1,-1,0,0,-1,-1,-1,0,0,-1,-1,-1,0,0,-1,-1,-1,0,0,-1,-1,-1,0,0,-1,-1,-1,0,10,-1,-1,-1,0,10,-1,-1,-1,0,0,77,0,-1,0,0,-1,-1,-1,0,0,-1,-1,-1,0,0,-1,-1,-1,0,0,-1,-1,-1,0,10,49,49,-1,0,10,29,50,-1,0,10,49,49,-1,0,0,-1,-1,-1,0,0,-1,-1,-1,0,0,-1,-1,-1,0,0,-1,-1,-1,0,0,-1,-1,-1,0,10,-1,-1,-1,0,0,-1,-1,-1,0,0,-1,-1,-1,0,0,-1,-1,-1,0,0,-1,-1,-1,0,0,-1,-1,-1,0,0,-1,-1,-1,0,0,-1,-1,-1,0,0,-1,-1,-1,0,0,-1,-1,-1,0,1,0,-1,-1,-1,0,0,-1,-1,-1,0,0,-1,-1,-1,0,10,-1,-1,-1,0,0,-1,-1,-1,0,0,-1,-1,-1,0,0,-1,-1,-1,0,0,-1,-1,-1,0,0,-1,-1,-1,0,10,-1,-1,-1,0,10,-1,-1,-1,0,10,-1,-1,-1,0,0,-1,-1,-1,0,0,-1,-1,-1,0,0,-1,-1,-1,0,0,-1,-1,-1,0,0,-1,-1,-1,0,10,48,49,-1,0,10,-1,-1,-1,0,0,77,0,-1,0,0,-1,-1,-1,0,0,-1,-1,-1,0,0,-1,-1,-1,0,0,-1,-1,-1,0,10,-1,-1,-1,0,10,29,50,-1,0,10,49,49,-1,0,0,-1,-1,-1,0,0,-1,-1,-1,0,0,-1,-1,-1,0,0,-1,-1,-1,0,0,-1,-1,-1,0,10,-1,-1,-1,0,0,-1,-1,-1,0,0,-1,-1,-1,0
2,0,-1,-1,-1,0,10,-1,-1,-1,0,10,-1,-1,-1,0,10,-1,-1,-1,0,0,-1,-1,-1,0,0,-1,-1,-1,0,0,-1,-1,-1,0,0,-1,-1,-1,0,0,-1,-1,-1,0,10,48,49,-1,0,10,-1,-1,-1,0,0,77,0,-1,0,0,-1,-1,-1,0,0,-1,-1,-1,0,0,-1,-1,-1,0,0,-1,-1,-1,0,10,-1,-1,-1,0,10,29,50,-1,0,10,49,49,-1,0,0,-1,-1,-1,0,0,-1,-1,-1,0,0,-1,-1,-1,0,0,-1,-1,-1,0,0,-1,-1,-1,0,10,-1,-1,-1,0,0,-1,-1,-1,0,0,-1,-1,-1,0,0,-1,-1,-1,0,0,-1,-1,-1,0,0,-1,-1,-1,0,0,-1,-1,-1,0,0,-1,-1,-1,0,0,-1,-1,-1,0,0,-1,-1,-1,0,0,-1,-1,-1,0,2,10,-1,-1,-1,0,10,-1,-1,-1,0,10,-1,-1,-1,0,0,-1,-1,-1,0,0,-1,-1,-1,0,0,-1,-1,-1,0,0,-1,-1,-1,0,0,-1,-1,-1,0,10,48,49,-1,0,10,-1,-1,-1,0,0,77,0,-1,0,0,-1,-1,-1,0,0,-1,-1,-1,0,0,-1,-1,-1,0,0,-1,-1,-1,0,10,-1,-1,-1,0,10,-1,-1,-1,0,10,28,50,49,49,0,-1,-1,-1,0,0,-1,-1,-1,0,0,-1,-1,-1,0,0,-1,-1,-1,0,0,-1,-1,-1,0,10,-1,-1,-1,0,0,-1,-1,-1,0,0,-1,-1,-1,0,0,-1,-1,-1,0,0,-1,-1,-1,0,0,-1,-1,-1,0,0,-1,-1,-1,0,0,-1,-1,-1,0,0,-1,-1,-1,0,0,-1,-1,-1,0,0,-1,-1,-1,0,0,-1,-1,-1,0
3,10,-1,-1,-1,0,10,-1,-1,-1,0,10,-1,-1,-1,0,0,-1,-1,-1,0,0,-1,-1,-1,0,0,-1,-1,-1,0,0,-1,-1,-1,0,0,-1,-1,-1,0,10,48,49,-1,0,10,-1,-1,-1,0,0,77,0,-1,0,0,-1,-1,-1,0,0,-1,-1,-1,0,0,-1,-1,-1,0,0,-1,-1,-1,0,10,-1,-1,-1,0,10,-1,-1,-1,0,10,28,50,49,49,0,-1,-1,-1,0,0,-1,-1,-1,0,0,-1,-1,-1,0,0,-1,-1,-1,0,0,-1,-1,-1,0,10,-1,-1,-1,0,0,-1,-1,-1,0,0,-1,-1,-1,0,0,-1,-1,-1,0,0,-1,-1,-1,0,0,-1,-1,-1,0,0,-1,-1,-1,0,0,-1,-1,-1,0,0,-1,-1,-1,0,0,-1,-1,-1,0,0,-1,-1,-1,0,0,-1,-1,-1,0,3,0,-1,-1,-1,0,10,-1,-1,-1,0,10,-1,-1,-1,0,10,-1,-1,-1,0,0,-1,-1,-1,0,0,-1,-1,-1,0,0,-1,-1,-1,0,0,-1,-1,-1,0,0,-1,-1,-1,0,10,48,49,-1,0,10,-1,-1,-1,0,0,77,0,-1,0,0,-1,-1,-1,0,0,-1,-1,-1,0,0,-1,-1,-1,0,0,-1,-1,-1,0,10,-1,-1,-1,0,10,48,49,-1,0,10,28,50,-1,0,0,-1,-1,-1,0,0,-1,-1,-1,0,0,-1,-1,-1,0,0,-1,-1,-1,0,0,-1,-1,-1,0,10,-1,-1,-1,0,0,-1,-1,-1,0,0,-1,-1,-1,0,0,-1,-1,-1,0,0,-1,-1,-1,0,0,-1,-1,-1,0,0,-1,-1,-1,0,0,-1,-1,-1,0,0,-1,-1,-1,0,0,-1,-1,-1,0,0,-1,-1,-1,0
0,0,-1,-1,-1,0,10,-1,-1,-1,0,0,-1,-1,-1,0,0,-1,-1,-1,0,0,-1,-1,-1,0,0,-1,-1,-1,0,0,-1,-1,-1,0,10,-1,-1,-1,0,10,-1,-1,-1,0,10,-1,-1,-1,0,0,-1,-1,-1,0,0,-1,-1,-1,0,0,-1,-1,-1,0,0,-1,-1,-1,0,0,-1,-1,-1,0,10,48,49,-1,0,10,-1,-1,-1,0,0,77,0,-1,0,0,-1,-1,-1,0,0,-1,-1,-1,0,0,-1,-1,-1,0,0,-1,-1,-1,0,10,-1,-1,-1,0,10,48,49,-1,0,10,28,50,-1,0,0,-1,-1,-1,0,0,-1,-1,-1,0,0,-1,-1,-1,0,0,-1,-1,-1,0,0,-1,-1,-1,0,10,-1,-1,-1,0,0,-1,-1,-1,0,0,-1,-1,-1,0,0,-1,-1,-1,0,0,-1,-1,-1,0,6,0,-1,-1,-1,0,10,-1,-1,-1,0,0,-1,-1,-1,0,0,-1,-1,-1,0,0,-1,-1,-1,0,0,-1,-1,-1,0,0,-1,-1,-1,0,10,-1,-1,-1,0,10,-1,-1,-1,0,10,-1,-1,-1,0,10,-1,-1,-1,0,0,-1,-1,-1,0,0,-1,-1,-1,0,0,-1,-1,-1,0,0,-1,-1,-1,0,10,48,49,-1,0,20,-1,-1,-1,0,10,57,0,-1,0,10,-1,-1,-1,0,0,-1,-1,-1,0,0,-1,-1,-1,0,0,-1,-1,-1,0,10,-1,-1,-1,0,10,48,49,-1,0,20,28,50,-1,0,0,-1,-1,-1,0,0,-1,-1,-1,0,0,-1,-1,-1,0,0,-1,-1,-1,0,0,-1,-1,-1,0,10,-1,-1,-1,0,0,-1,-1,-1,0,0,-1,-1,-1,0,0,-1,-1,-1,0,0,-1,-1,-1,0
1,0,-1,-1,-1,0,0,-1,-1,-1,0,0,-1,-1,-1,0,10,-1,-1,-1,0,0,-1,-1,-1,0,0,-1,-1,-1,0,0,-1,-1,-1,0,0,-1,-1,-1,0,0,-1,-1,-1,0,10,-1,-1,-1,0,10,-1,-1,-1,0,10,-1,-1,-1,0,10,-1,-1,-1,0,0,-1,-1,-1,0,0,-1,-1,-1,0,0,-1,-1,-1,0,0,-1,-1,-1,0,10,48,49,-1,0,20,-1,-1,-1,0,10,57,0,-1,0,10,-1,-1,-1,0,0,-1,-1,-1,0,0,-1,-1,-1,0,0,-1,-1,-1,0,10,-1,-1,-1,0,10,48,49,-1,0,20,28,50,-1,0,0,-1,-1,-1,0,0,-1,-1,-1,0,0,-1,-1,-1,0,0,-1,-1,-1,0,0,-1,-1,-1,0,10,-1,-1,-1,0,0,-1,-1,-1,0,0,-1,-1,-1,0,3,0,-1,-1,-1,0,0,-1,-1,-1,0,0,-1,-1,-1,0,0,-1,-1,-1,0,10,-1,-1,-1,0,0,-1,-1,-1,0,0,-1,-1,-1,0,0,-1,-1,-1,0,0,-1,-1,-1,0,0,-1,-1,-1,0,10,-1,-1,-1,0,10,-1,-1,-1,0,10,-1,-1,-1,0,10,-1,-1,-1,0,0,-1,-1,-1,0,0,-1,-1,-1,0,0,-1,-1,-1,0,0,47,49,-1,0,10,-1,-1,-1,0,20,-1,-1,-1,0,10,57,0,-1,0,0,-1,-1,-1,0,0,-1,-1,-1,0,0,-1,-1,-1,0,0,-1,-1,-1,0,10,-1,-1,-1,0,10,48,49,-1,0,20,28,50,-1,0,0,-1,-1,-1,0,0,-1,-1,-1,0,0,-1,-1,-1,0,0,-1,-1,-1,0,0,-1,-1,-1,0,10,-1,-1,-1,0,0,-1,-1,-1,0
2,10,-1,-1,-1,0,10,-1,-1,-1,0,10,-1,-1,-1,0,10,-1,-1,-1,0,0,-1,-1,-1,0,0,-1,-1,-1,0,0,-1,-1,-1,0,0,47,49,-1,0,10,-1,-1,-1,0,20,-1,-1,-1,0,10,57,0,-1,0,10,-1,-1,-1,0,0,-1,-1,-1,0,0,-1,-1,-1,0,0,-1,-1,-1,0,10,-1,-1,-1,0,10,48,49,-1,0,20,28,50,-1,0,0,-1,-1,-1,0,0,-1,-1,-1,0,0,-1,-1,-1,0,0,-1,-1,-1,0,0,-1,-1,-1,0,10,-1,-1,-1,0,0,-1,-1,-1,0,0,-1,-1,-1,0,0,-1,-1,-1,0,0,-1,-1,-1,0,0,-1,-1,-1,0,0,-1,-1,-1,0,0,-1,-1,-1,0,0,-1,-1,-1,0,0,-1,-1,-1,0,0,-1,-1,-1,0,0,-1,-1,-1,0,6,10,-1,-1,-1,0,10,-1,-1,-1,0,10,-1,-1,-1,0,10,-1,-1,-1,0,0,-1,-1,-1,0,0,-1,-1,-1,0,0,-1,-1,-1,0,0,47,49,-1,0,10,-1,-1,-1,0,20,-1,-1,-1,0,20,57,0,-1,0,10,-1,-1,-1,0,0,-1,-1,-1,0,0,-1,-1,-1,0,0,-1,-1,-1,0,10,-1,-1,-1,0,20,48,49,-1,0,30,8,50,-1,0,10,-1,-1,-1,0,0,-1,-1,-1,0,0,-1,-1,-1,0,0,-1,-1,-1,0,0,-1,-1,-1,0,10,-1,-1,-1,0,10,-1,-1,-1,0,0,-1,-1,-1,0,0,-1,-1,-1,0,0,-1,-1,-1,0,0,-1,-1,-1,0,0,-1,-1,-1,0,0,-1,-1,-1,0,0,-1,-1,-1,0,0,-1,-1,-1,0,0,-1,-1,-1,0,0,-1,-1,-1,0
3,0,-1,-1,-1,0,10,-1,-1,-1,0,10,-1,-1,-1,0,10,-1,-1,-1,0,10,-1,-1,-1,0,0,-1,-1,-1,0,0,-1,-1,-1,0,0,-1,-1,-1,0,0,47,49,-1,0,10,-1,-1,-1,0,20,-1,-1,-1,0,20,57,0,-1,0,10,-1,-1,-1,0,0,-1,-1,-1,0,0,-1,-1,-1,0,0,-1,-1,-1,0,10,-1,-1,-1,0,20,48,49,-1,0,30,8,50,-1,0,10,-1,-1,-1,0,0,-1,-1,-1,0,0,-1,-1,-1,0,0,-1,-1,-1,0,0,-1,-1,-1,0,10,-1,-1,-1,0,10,-1,-1,-1,0,0,-1,-1,-1,0,0,-1,-1,-1,0,0,-1,-1,-1,0,0,-1,-1,-1,0,0,-1,-1,-1,0,0,-1,-1,-1,0,0,-1,-1,-1,0,0,-1,-1,-1,0,0,-1,-1,-1,0,2,10,-1,-1,-1,0,10,-1,-1,-1,0,10,-1,-1,-1,0,10,-1,-1,-1,0,0,-1,-1,-1,0,0,-1,-1,-1,0,0,-1,-1,-1,0,0,47,49,-1,0,10,-1,-1,-1,0,20,-1,-1,-1,0,20,57,0,-1,0,10,-1,-1,-1,0,0,-1,-1,-1,0,0,-1,-1,-1,0,0,-1,-1,-1,0,10,-1,-1,-1,0,20,-1,-1,-1,0,30,8,50,47,49,10,-1,-1,-1,0,0,-1,-1,-1,0,0,-1,-1,-1,0,0,-1,-1,-1,0,0,-1,-1,-1,0,10,-1,-1,-1,0,10,-1,-1,-1,0,0,-1,-1,-1,0,0,-1,-1,-1,0,0,-1,-1,-1,0,0,-1,-1,-1,0,0,-1,-1,-1,0,0,-1,-1,-1,0,0,-1,-1,-1,0,0,-1,-1,-1,0,0,-1,-1,-1,0,0,-1,-1,-1,0
0,0,-1,-1,-1,0,10,-1,-1,-1,0,0,-1,-1,-1,0,0,-1,-1,-1,0,0,-1,-1,-1,0,0,-1,-1,-1,0,0,-1,-1,-1,0,10,-1,-1,-1,0,10,-1,-1,-1,0,10,-1,-1,-1,0,10,-1,-1,-1,0,0,-1,-1,-1,0,0,-1,-1,-1,0,0,-1,-1,-1,0,0,47,49,-1,0,10,-1,-1,-1,0,20,-1,-1,-1,0,20,57,0,-1,0,10,-1,-1,-1,0,0,-1,-1,-1,0,0,-1,-1,-1,0,0,-1,-1,-1,0,10,-1,-1,-1,0,20,-1,-1,-1,0,30,8,50,47,49,10,-1,-1,-1,0,0,-1,-1,-1,0,0,-1,-1,-1,0,0,-1,-1,-1,0,0,-1,-1,-1,0,10,-1,-1,-1,0,10,-1,-1,-1,0,0,-1,-1,-1,0,0,-1,-1,-1,0,0,-1,-1,-1,0,1,0,-1,-1,-1,0,0,-1,-1,-1,0,0,-1,-1,-1,0,0,-1,-1,-1,0,0,-1,-1,-1,0,0,-1,-1,-1,0,0,-1,-1,-1,0,0,-1,-1,-1,0,10,-1,-1,-1,0,0,-1,-1,-1,0,0,-1,-1,-1,0,0,-1,-1,-1,0,0,-1,-1,-1,0,0,-1,-1,-1,0,10,-1,-1,-1,0,10,-1,-1,-1,0,10,-1,-1,-1,0,10,56,0,-1,0,0,-1,-1,-1,0,0,-1,-1,-1,0,0,-1,-1,-1,0,0,47,49,-1,0,10,-1,-1,-1,0,20,-1,-1,-1,0,20,-1,-1,-1,0,10,-1,-1,-1,0,0,-1,-1,-1,0,0,-1,-1,-1,0,0,-1,-1,-1,0,10,-1,-1,-1,0,20,-1,-1,-1,0,30,8,50,47,49,10,-1,-1,-1,0,0,-1,-1,-1,0,0,-1,-1,-1,0
1,0,-1,-1,-1,0,0,-1,-1,-1,0,0,-1,-1,-1,0,0,-1,-1,-1,0,10,-1,-1,-1,0,0,-1,-1,-1,0,0,-1,-1,-1,0,0,-1,-1,-1,0,0,-1,-1,-1,0,0,-1,-1,-1,0,10,-1,-1,-1,0,10,-1,-1,-1,0,10,-1,-1,-1,0,10,56,0,-1,0,0,-1,-1,-1,0,0,-1,-1,-1,0,0,-1,-1,-1,0,0,47,49,-1,0,10,-1,-1,-1,0,20,-1,-1,-1,0,20,-1,-1,-1,0,0,-1,-1,-1,0,0,-1,-1,-1,0,0,-1,-1,-1,0,0,-1,-1,-1,0,10,-1,-1,-1,0,20,-1,-1,-1,0,30,8,50,47,49,0,-1,-1,-1,0,0,-1,-1,-1,0,0,-1,-1,-1,0,0,-1,-1,-1,0,0,-1,-1,-1,0,10,-1,-1,-1,0,10,-1,-1,-1,0,5,0,-1,-1,-1,0,0,-1,-1,-1,0,0,-1,-1,-1,0,0,-1,-1,-1,0,10,-1,-1,-1,0,0,-1,-1,-1,0,0,-1,-1,-1,0,0,-1,-1,-1,0,0,-1,-1,-1,0,0,-1,-1,-1,0,10,-1,-1,-1,0,10,-1,-1,-1,0,10,-1,-1,-1,0,10,56,0,-1,0,0,-1,-1,-1,0,0,-1,-1,-1,0,0,-1,-1,-1,0,0,24,72,-1,0,10,-1,-1,-1,0,20,-1,-1,-1,0,20,-1,-1,-1,0,0,-1,-1,-1,0,0,-1,-1,-1,0,0,-1,-1,-1,0,0,-1,-1,-1,0,10,-1,-1,-1,0,20,-1,-1,-1,0,30,8,50,47,49,0,-1,-1,-1,0,0,-1,-1,-1,0,0,-1,-1,-1,0,0,-1,-1,-1,0,0,-1,-1,-1,0,10,-1,-1,-1,0,10,-1,-1,-1,0
2,10,-1,-1,-1,0,10,-1,-1,-1,0,10,-1,-1,-1,0,10,56,0,-1,0,0,-1,-1,-1,0,0,-1,-1,-1,0,0,-1,-1,-1,0,0,24,72,-1,0,10,-1,-1,-1,0,20,-1,-1,-1,0,20,-1,-1,-1,0,10,-1,-1,-1,0,0,-1,-1,-1,0,0,-1,-1,-1,0,0,-1,-1,-1,0,10,-1,-1,-1,0,20,-1,-1,-1,0,30,8,50,47,49,10,-1,-1,-1,0,0,-1,-1,-1,0,0,-1,-1,-1,0,0,-1,-1,-1,0,0,-1,-1,-1,0,10,-1,-1,-1,0,10,-1,-1,-1,0,0,-1,-1,-1,0,0,-1,-1,-1,0,0,-1,-1,-1,0,0,-1,-1,-1,0,0,-1,-1,-1,0,0,-1,-1,-1,0,0,-1,-1,-1,0,0,-1,-1,-1,0,0,-1,-1,-1,0,0,-1,-1,-1,0,4,10,-1,-1,-1,0,10,-1,-1,-1,0,10,-1,-1,-1,0,10,56,0,-1,0,0,-1,-1,-1,0,0,-1,-1,-1,0,0,-1,-1,-1,0,0,24,72,-1,0,10,-1,-1,-1,0,20,-1,-1,-1,0,20,-1,-1,-1,0,10,-1,-1,-1,0,0,-1,-1,-1,0,0,-1,-1,-1,0,0,-1,-1,-1,0,10,-1,-1,-1,0,20,-1,-1,-1,0,0,38,50,47,49,10,-1,-1,-1,0,0,-1,-1,-1,0,0,-1,-1,-1,0,0,-1,-1,-1,0,0,-1,-1,-1,0,10,-1,-1,-1,0,10,-1,-1,-1,0,0,-1,-1,-1,0,0,-1,-1,-1,0,0,-1,-1,-1,0,0,-1,-1,-1,0,0,-1,-1,-1,0,0,-1,-1,-1,0,0,-1,-1,-1,0,0,-1,-1,-1,0,0,-1,-1,-1,0,0,-1,-1,-1,0
3,10,-1,-1,-1,0,10,-1,-1,-1,0,10,-1,-1,-1,0,10,56,0,-1,0,0,-1,-1,-1,0,0,-1,-1,-1,0,0,-1,-1,-1,0,0,24,72,-1,0,10,-1,-1,-1,0,20,-1,-1,-1,0,20,-1,-1,-1,0,10,-1,-1,-1,0,0,-1,-1,-1,0,0,-1,-1,-1,0,0,-1,-1,-1,0,10,-1,-1,-1,0,20,-1,-1,-1,0,0,38,50,47,49,10,-1,-1,-1,0,0,-1,-1,-1,0,0,-1,-1,-1,0,0,-1,-1,-1,0,0,-1,-1,-1,0,10,-1,-1,-1,0,10,-1,-1,-1,0,0,-1,-1,-1,0,0,-1,-1,-1,0,0,-1,-1,-1,0,0,-1,-1,-1,0,0,-1,-1,-1,0,0,-1,-1,-1,0,0,-1,-1,-1,0,0,-1,-1,-1,0,0,-1,-1,-1,0,0,-1,-1,-1,0,10,10,-1,-1,-1,0,10,-1,-1,-1,0,10,-1,-1,-1,0,10,56,0,-1,0,0,-1,-1,-1,0,0,-1,-1,-1,0,0,-1,-1,-1,0,0,24,72,-1,0,10,-1,-1,-1,0,20,-1,-1,-1,0,20,-1,-1,-1,0,10,-1,-1,-1,0,0,-1,-1,-1,0,0,-1,-1,-1,0,0,-1,-1,-1,0,10,-1,-1,-1,0,20,-1,-1,-1,0,0,42,50,43,49,10,-1,-1,-1,0,0,-1,-1,-1,0,0,-1,-1,-1,0,0,-1,-1,-1,0,0,-1,-1,-1,0,10,-1,-1,-1,0,10,-1,-1,-1,0,0,-1,-1,-1,0,0,-1,-1,-1,0,0,-1,-1,-1,0,0,-1,-1,-1,0,0,-1,-1,-1,0,0,-1,-1,-1,0,0,-1,-1,-1,0,0,-1,-1,-1,0,0,-1,-1,-1,0,0,-1,-1,-1,0
0,0,-1,-1,-1,0,0,-1,-1,-1,0,0,-1,-1,-1,0,0,-1,-1,-1,0,0,-1,-1,-1,0,0,-1,-1,-1,0,0,-1,-1,-1,0,0,-1,-1,-1,0,10,-1,-1,-1,0,0,-1,-1,-1,0,0,-1,-1,-1,0,0,-1,-1,-1,0,0,-1,-1,-1,0,0,-1,-1,-1,0,10,-1,-1,-1,0,10,-1,-1,-1,0,10,-1,-1,-1,0,10,56,0,-1,0,0,-1,-1,-1,0,0,-1,-1,-1,0,0,-1,-1,-1,0,0,24,72,-1,0,10,-1,-1,-1,0,20,-1,-1,-1,0,20,-1,-1,-1,0,10,-1,-1,-1,0,0,-1,-1,-1,0,0,-1,-1,-1,0,0,-1,-1,-1,0,10,-1,-1,-1,0,20,-1,-1,-1,0,0,42,50,43,49,10,-1,-1,-1,0,0,-1,-1,-1,0,0,-1,-1,-1,0,5,0,-1,-1,-1,0,0,-1,-1,-1,0,0,-1,-1,-1,0,0,-1,-1,-1,0,0,-1,-1,-1,0,0,-1,-1,-1,0,0,-1,-1,-1,0,0,-1,-1,-1,0,10,-1,-1,-1,0,0,-1,-1,-1,0,0,-1,-1,-1,0,0,-1,-1,-1,0,0,-1,-1,-1,0,0,-1,-1,-1,0,10,-1,-1,-1,0,10,-1,-1,-1,0,10,-1,-1,-1,0,10,28,28,-1,0,0,-1,-1,-1,0,0,-1,-1,-1,0,0,-1,-1,-1,0,0,24,72,-1,0,10,-1,-1,-1,0,20,-1,-1,-1,0,20,-1,-1,-1,0,10,-1,-1,-1,0,0,-1,-1,-1,0,0,-1,-1,-1,0,0,-1,-1,-1,0,10,-1,-1,-1,0,20,-1,-1,-1,0,0,42,50,43,49,10,-1,-1,-1,0,0,-1,-1,-1,0,0,-1,-1,-1,0
1,0,-1,-1,-1,0,0,-1,-1,-1,0,0,-1,-1,-1,0,0,-1,-1,-1,0,10,-1,-1,-1,0,0,-1,-1,-1,0,0,-1,-1,-1,0,0,-1,-1,-1,0,0,-1,-1,-1,0,0,-1,-1,-1,0,10,-1,-1,-1,0,10,-1,-1,-1,0,10,-1,-1,-1,0,10,28,28,-1,0,0,-1,-1,-1,0,0,-1,-1,-1,0,0,-1,-1,-1,0,0,24,72,-1,0,10,-1,-1,-1,0,20,-1,-1,-1,0,20,-1,-1,-1,0,0,-1,-1,-1,0,0,-1,-1,-1,0,0,-1,-1,-1,0,0,-1,-1,-1,0,10,-1,-1,-1,0,20,-1,-1,-1,0,0,42,50,43,49,0,-1,-1,-1,0,0,-1,-1,-1,0,0,-1,-1,-1,0,0,-1,-1,-1,0,0,-1,-1,-1,0,10,-1,-1,-1,0,10,-1,-1,-1,0,0,0,-1,-1,-1,0,0,-1,-1,-1,0,0,-1,-1,-1,0,10,-1,-1,-1,0,10,-1,-1,-1,0,10,-1,-1,-1,0,10,28,28,-1,0,0,-1,-1,-1,0,0,-1,-1,-1,0,0,-1,-1,-1,0,0,-1,-1,-1,0,10,-1,-1,-1,0,20,-1,-1,-1,0,20,-1,-1,-1,0,0,-1,-1,-1,0,0,-1,-1,-1,0,0,-1,-1,-1,0,0,23,72,-1,0,10,-1,-1,-1,0,20,-1,-1,-1,0,0,42,50,43,49,0,-1,-1,-1,0,0,-1,-1,-1,0,0,-1,-1,-1,0,0,-1,-1,-1,0,0,-1,-1,-1,0,10,-1,-1,-1,0,10,-1,-1,-1,0,0,-1,-1,-1,0,0,-1,-1,-1,0,0,-1,-1,-1,0,0,-1,-1,-1,0,0,-1,-1,-1,0,0,-1,-1,-1,0,0,-1,-1,-1,0
2,10,-1,-1,-1,0,10,-1,-1,-1,0,10,-1,-1,-1,0,10,28,28,-1,0,0,-1,-1,-1,0,0,-1,-1,-1,0,0,-1,-1,-1,0,0,-1,-1,-1,0,10,-1,-1,-1,0,20,-1,-1,-1,0,20,-1,-1,-1,0,10,-1,-1,-1,0,0,-1,-1,-1,0,0,-1,-1,-1,0,0,23,72,-1,0,10,-1,-1,-1,0,20,-1,-1,-1,0,0,42,50,43,49,10,-1,-1,-1,0,0,-1,-1,-1,0,0,-1,-1,-1,0,0,-1,-1,-1,0,0,-1,-1,-1,0,10,-1,-1,-1,0,10,-1,-1,-1,0,0,-1,-1,-1,0,0,-1,-1,-1,0,0,-1,-1,-1,0,0,-1,-1,-1,0,0,-1,-1,-1,0,0,-1,-1,-1,0,0,-1,-1,-1,0,0,-1,-1,-1,0,0,-1,-1,-1,0,0,-1,-1,-1,0,9,0,-1,-1,-1,0,0,-1,-1,-1,0,0,-1,-1,-1,0,0,-1,-1,-1,0,0,-1,-1,-1,0,0,-1,-1,-1,0,0,-1,-1,-1,0,10,-1,-1,-1,0,0,-1,-1,-1,0,0,-1,-1,-1,0,0,-1,-1,-1,0,0,-1,-1,-1,0,0,-1,-1,-1,0,0,-1,-1,-1,0,10,-1,-1,-1,0,10,-1,-1,-1,0,10,28,28,-1,0,0,42,50,-1,0,0,-1,-1,-1,0,0,-1,-1,-1,0,0,-1,-1,-1,0,10,-1,-1,-1,0,20,-1,-1,-1,0,20,-1,-1,-1,0,10,-1,-1,-1,0,0,-1,-1,-1,0,0,-1,-1,-1,0,0,-1,-1,-1,0,10,-1,-1,-1,0,20,-1,-1,-1,0,0,43,49,-1,0,10,-1,-1,-1,0,0,-1,-1,-1,0,0,-1,-1,-1,0,0,-1,-1,-1,0
3,10,-1,-1,-1,0,10,-1,-1,-1,0,10,-1,-1,-1,0,10,28,28,-1,0,0,42,50,-1,0,0,-1,-1,-1,0,0,-1,-1,-1,0,0,-1,-1,-1,0,10,-1,-1,-1,0,20,-1,-1,-1,0,20,-1,-1,-1,0,10,-1,-1,-1,0,0,-1,-1,-1,0,0,-1,-1,-1,0,0,23,72,-1,0,10,-1,-1,-1,0,20,-1,-1,-1,0,0,43,49,-1,0,10,-1,-1,-1,0,0,-1,-1,-1,0,0,-1,-1,-1,0,0,-1,-1,-1,0,0,-1,-1,-1,0,10,-1,-1,-1,0,10,-1,-1,-1,0,0,-1,-1,-1,0,0,-1,-1,-1,0,0,-1,-1,-1,0,0,-1,-1,-1,0,0,-1,-1,-1,0,0,-1,-1,-1,0,0,-1,-1,-1,0,0,-1,-1,-1,0,0,-1,-1,-1,0,0,-1,-1,-1,0,2,10,-1,-1,-1,0,10,-1,-1,-1,0,10,28,28,-1,0,0,42,50,-1,0,0,-1,-1,-1,0,0,-1,-1,-1,0,0,-1,-1,-1,0,10,-1,-1,-1,0,20,-1,-1,-1,0,20,-1,-1,-1,0,10,-1,-1,-1,0,0,-1,-1,-1,0,0,-1,-1,-1,0,0,-1,-1,-1,0,10,-1,-1,-1,0,20,-1,-1,-1,0,0,-1,-1,-1,0,10,42,49,-1,0,0,-1,-1,-1,0,0,-1,-1,-1,0,0,-1,-1,-1,0,0,-1,-1,-1,0,10,-1,-1,-1,0,10,-1,-1,-1,0,0,-1,-1,-1,0,0,-1,-1,-1,0,0,-1,-1,-1,0,0,-1,-1,-1,0,0,-1,-1,-1,0,0,-1,-1,-1,0,0,-1,-1,-1,0,0,-1,-1,-1,0,0,-1,-1,-1,0,0,-1,-1,-1,0,0,-1,-1,-1,0
0,0,-1,-1,-1,0,0,-1,-1,-1,0,0,-1,-1,-1,0,0,-1,-1,-1,0,0,-1,-1,-1,0,0,-1,-1,-1,0,0,-1,-1,-1,0,0,-1,-1,-1,0,10,-1,-1,-1,0,0,-1,-1,-1,0,0,-1,-1,-1,0,0,-1,-1,-1,0,0,-1,-1,-1,0,0,-1,-1,-1,0,10,-1,-1,-1,0,10,-1,-1,-1,0,10,-1,-1,-1,0,10,28,28,-1,0,0,42,50,-1,0,0,-1,-1,-1,0,0,-1,-1,-1,0,0,-1,-1,-1,0,10,-1,-1,-1,0,20,-1,-1,-1,0,20,-1,-1,-1,0,10,-1,-1,-1,0,0,-1,-1,-1,0,0,-1,-1,-1,0,0,23,72,-1,0,10,-1,-1,-1,0,20,-1,-1,-1,0,0,-1,-1,-1,0,10,42,49,-1,0,0,-1,-1,-1,0,0,-1,-1,-1,0,4,0,-1,-1,-1,0,0,-1,-1,-1,0,0,-1,-1,-1,0,0,-1,-1,-1,0,0,-1,-1,-1,0,0,-1,-1,-1,0,0,-1,-1,-1,0,0,-1,-1,-1,0,10,-1,-1,-1,0,0,-1,-1,-1,0,0,-1,-1,-1,0,0,-1,-1,-1,0,0,-1,-1,-1,0,0,-1,-1,-1,0,10,-1,-1,-1,0,10,-1,-1,-1,0,10,-1,-1,-1,0,0,38,28,-1,0,0,42,50,-1,0,0,-1,-1,-1,0,0,-1,-1,-1,0,0,-1,-1,-1,0,10,-1,-1,-1,0,20,-1,-1,-1,0,20,-1,-1,-1,0,10,-1,-1,-1,0,0,-1,-1,-1,0,0,-1,-1,-1,0,0,23,72,-1,0,10,-1,-1,-1,0,20,-1,-1,-1,0,0,-1,-1,-1,0,10,42,49,-1,0,0,-1,-1,-1,0,0,-1,-1,-1,0
1,0,-1,-1,-1,0,0,-1,-1,-1,0,0,-1,-1,-1,0,10,-1,-1,-1,0,10,-1,-1,-1,0,10,-1,-1,-1,0,0,38,28,-1,0,0,-1,-1,-1,0,0,-1,-1,-1,0,0,-1,-1,-1,0,0,-1,-1,-1,0,10,-1,-1,-1,0,20,-1,-1,-1,0,20,-1,-1,-1,0,0,-1,-1,-1,0,0,-1,-1,-1,0,0,-1,-1,-1,0,0,23,72,-1,0,10,-1,-1,-1,0,20,-1,-1,-1,0,0,-1,-1,-1,0,0,-1,-1,-1,0,0,-1,-1,-1,0,0,-1,-1,-1,0,0,-1,-1,-1,0,0,-1,-1,-1,0,10,-1,-1,-1,0,10,-1,-1,-1,0,0,-1,-1,-1,0,0,-1,-1,-1,0,0,-1,-1,-1,0,0,-1,-1,-1,0,0,-1,-1,-1,0,0,-1,-1,-1,0,0,-1,-1,-1,0,6,0,-1,-1,-1,0,0,-1,-1,-1,0,0,-1,-1,-1,0,10,-1,-1,-1,0,10,-1,-1,-1,0,10,-1,-1,-1,0,0,38,28,-1,0,0,-1,-1,-1,0,0,-1,-1,-1,0,0,-1,-1,-1,0,10,-1,-1,-1,0,10,-1,-1,-1,0,20,-1,-1,-1,0,20,-1,-1,-1,0,0,-1,-1,-1,0,0,-1,-1,-1,0,10,-1,-1,-1,0,10,3,72,-1,0,20,-1,-1,-1,0,20,-1,-1,-1,0,0,-1,-1,-1,0,0,-1,-1,-1,0,0,-1,-1,-1,0,0,-1,-1,-1,0,10,-1,-1,-1,0,0,-1,-1,-1,0,10,-1,-1,-1,0,10,-1,-1,-1,0,0,-1,-1,-1,0,0,-1,-1,-1,0,0,-1,-1,-1,0,0,-1,-1,-1,0,0,-1,-1,-1,0,0,-1,-1,-1,0,0,-1,-1,-1,0
2,0,-1,-1,-1,0,0,-1,-1,-1,0,0,-1,-1,-1,0,0,-1,-1,-1,0,0,-1,-1,-1,0,0,-1,-1,-1,0,0,-1,-1,-1,0,10,-1,-1,-1,0,0,-1,-1,-1,0,0,-1,-1,-1,0,0,-1,-1,-1,0,0,-1,-1,-1,0,0,-1,-1,-1,0,0,-1,-1,-1,0,10,-1,-1,-1,0,10,-1,-1,-1,0,0,38,28,-1,0,0,42,50,-1,0,0,-1,-1,-1,0,0,-1,-1,-1,0,0,-1,-1,-1,0,10,-1,-1,-1,0,20,-1,-1,-1,0,20,-1,-1,-1,0,10,-1,-1,-1,0,0,-1,-1,-1,0,0,-1,-1,-1,0,0,-1,-1,-1,0,20,-1,-1,-1,0,20,-1,-1,-1,0,0,-1,-1,-1,0,10,42,49,-1,0,0,-1,-1,-1,0,0,-1,-1,-1,0,0,-1,-1,-1,0,3,0,-1,-1,-1,0,0,-1,-1,-1,0,0,-1,-1,-1,0,0,-1,-1,-1,0,0,-1,-1,-1,0,0,-1,-1,-1,0,0,-1,-1,-1,0,0,-1,-1,-1,0,10,-1,-1,-1,0,0,-1,-1,-1,0,0,-1,-1,-1,0,0,-1,-1,-1,0,0,-1,-1,-1,0,0,-1,-1,-1,0,10,-1,-1,-1,0,10,-1,-1,-1,0,10,-1,-1,-1,0,0,38,28,41,50,0,-1,-1,-1,0,0,-1,-1,-1,0,0,-1,-1,-1,0,10,-1,-1,-1,0,10,-1,-1,-1,0,20,-1,-1,-1,0,20,-1,-1,-1,0,10,-1,-1,-1,0,0,-1,-1,-1,0,0,-1,-1,-1,0,10,3,72,-1,0,20,-1,-1,-1,0,20,-1,-1,-1,0,0,-1,-1,-1,0,10,42,49,-1,0,0,-1,-1,-1,0,0,-1,-1,-1,0
3,10,-1,-1,-1,0,10,-1,-1,-1,0,0,38,28,41,50,0,-1,-1,-1,0,0,-1,-1,-1,0,0,-1,-1,-1,0,0,-1,-1,-1,0,10,-1,-1,-1,0,20,-1,-1,-1,0,20,-1,-1,-1,0,10,-1,-1,-1,0,0,-1,-1,-1,0,0,-1,-1,-1,0,0,-1,-1,-1,0,20,-1,-1,-1,0,20,-1,-1,-1,0,0,-1,-1,-1,0,10,42,49,-1,0,0,-1,-1,-1,0,0,-1,-1,-1,0,0,-1,-1,-1,0,0,-1,-1,-1,0,10,-1,-1,-1,0,10,-1,-1,-1,0,0,-1,-1,-1,0,0,-1,-1,-1,0,0,-1,-1,-1,0,0,-1,-1,-1,0,0,-1,-1,-1,0,0,-1,-1,-1,0,0,-1,-1,-1,0,0,-1,-1,-1,0,0,-1,-1,-1,0,0,-1,-1,-1,0,0,-1,-1,-1,0,3,10,-1,-1,-1,0,10,-1,-1,-1,0,10,-1,-1,-1,0,0,38,28,41,50,0,-1,-1,-1,0,0,-1,-1,-1,0,0,-1,-1,-1,0,10,-1,-1,-1,0,10,-1,-1,-1,0,20,-1,-1,-1,0,20,-1,-1,-1,0,10,-1,-1,-1,0,0,-1,-1,-1,0,0,-1,-1,-1,0,10,3,72,-1,0,20,-1,-1,-1,0,20,-1,-1,-1,0,0,41,49,-1,0,10,-1,-1,-1,0,0,-1,-1,-1,0,0,-1,-1,-1,0,10,-1,-1,-1,0,0,-1,-1,-1,0,10,-1,-1,-1,0,10,-1,-1,-1,0,0,-1,-1,-1,0,0,-1,-1,-1,0,0,-1,-1,-1,0,0,-1,-1,-1,0,0,-1,-1,-1,0,0,-1,-1,-1,0,0,-1,-1,-1,0,0,-1,-1,-1,0,0,-1,-1,-1,0,0,-1,-1,-1,0
0,0,-1,-1,-1,0,0,-1,-1,-1,0,0,-1,-1,-1,0,0,-1,-1,-1,0,0,-1,-1,-1,0,0,-1,-1,-1,0,0,-1,-1,-1,0,0,-1,-1,-1,0,10,-1,-1,-1,0,0,-1,-1,-1,0,0,-1,-1,-1,0,0,-1,-1,-1,0,0,-1,-1,-1,0,0,-1,-1,-1,0,10,-1,-1,-1,0,10,-1,-1,-1,0,10,-1,-1,-1,0,0,38,28,41,50,0,-1,-1,-1,0,0,-1,-1,-1,0,0,-1,-1,-1,0,10,-1,-1,-1,0,10,-1,-1,-1,0,20,-1,-1,-1,0,20,-1,-1,-1,0,10,-1,-1,-1,0,0,-1,-1,-1,0,0,-1,-1,-1,0,10,3,72,-1,0,20,-1,-1,-1,0,20,-1,-1,-1,0,0,41,49,-1,0,10,-1,-1,-1,0,0,-1,-1,-1,0,0,-1,-1,-1,0,3,0,-1,-1,-1,0,0,-1,-1,-1,0,0,-1,-1,-1,0,0,-1,-1,-1,0,0,-1,-1,-1,0,0,-1,-1,-1,0,0,-1,-1,-1,0,0,-1,-1,-1,0,0,-1,-1,-1,0,10,-1,-1,-1,0,0,-1,-1,-1,0,0,-1,-1,-1,0,0,-1,-1,-1,0,0,-1,-1,-1,0,0,-1,-1,-1,0,10,-1,-1,-1,0,10,-1,-1,-1,0,10,37,28,-1,0,0,41,50,-1,0,0,-1,-1,-1,0,0,-1,-1,-1,0,0,-1,-1,-1,0,10,-1,-1,-1,0,10,-1,-1,-1,0,20,-1,-1,-1,0,20,-1,-1,-1,0,10,-1,-1,-1,0,0,-1,-1,-1,0,10,-1,-1,-1,0,10,3,72,-1,0,20,-1,-1,-1,0,20,-1,-1,-1,0,0,41,49,-1,0,10,-1,-1,-1,0,0,-1,-1,-1,0
1,0,-1,-1,-1,0,0,-1,-1,-1,0,0,-1,-1,-1,0,10,-1,-1,-1,0,10,-1,-1,-1,0,10,37,28,-1,0,0,41,50,-1,0,0,-1,-1,-1,0,0,-1,-1,-1,0,0,-1,-1,-1,0,10,-1,-1,-1,0,10,-1,-1,-1,0,20,-1,-1,-1,0,20,-1,-1,-1,0,0,-1,-1,-1,0,0,-1,-1,-1,0,10,-1,-1,-1,0,10,3,72,-1,0,20,-1,-1,-1,0,20,-1,-1,-1,0,0,41,49,-1,0,0,-1,-1,-1,0,0,-1,-1,-1,0,0,-1,-1,-1,0,10,-1,-1,-1,0,0,-1,-1,-1,0,10,-1,-1,-1,0,10,-1,-1,-1,0,0,-1,-1,-1,0,0,-1,-1,-1,0,0,-1,-1,-1,0,0,-1,-1,-1,0,0,-1,-1,-1,0,0,-1,-1,-1,0,0,-1,-1,-1,0,3,0,-1,-1,-1,0,0,-1,-1,-1,0,0,-1,-1,-1,0,0,-1,-1,-1,0,10,-1,-1,-1,0,10,-1,-1,-1,0,10,37,28,-1,0,0,-1,-1,-1,0,0,-1,-1,-1,0,0,-1,-1,-1,0,0,-1,-1,-1,0,10,-1,-1,-1,0,10,-1,-1,-1,0,20,-1,-1,-1,0,0,-1,-1,-1,0,0,-1,-1,-1,0,0,-1,-1,-1,0,10,2,72,-1,0,10,-1,-1,-1,0,20,-1,-1,-1,0,20,-1,-1,-1,0,0,-1,-1,-1,0,0,-1,-1,-1,0,0,-1,-1,-1,0,0,-1,-1,-1,0,10,-1,-1,-1,0,0,-1,-1,-1,0,10,-1,-1,-1,0,0,-1,-1,-1,0,0,-1,-1,-1,0,0,-1,-1,-1,0,0,-1,-1,-1,0,0,-1,-1,-1,0,0,-1,-1,-1,0,0,-1,-1,-1,0
2,0,-1,-1,-1,0,0,-1,-1,-1,0,0,-1,-1,-1,0,0,-1,-1,-1,0,0,-1,-1,-1,0,0,-1,-1,-1,0,0,-1,-1,-1,0,0,-1,-1,-1,0,10,-1,-1,-1,0,0,-1,-1,-1,0,0,-1,-1,-1,0,0,-1,-1,-1,0,0,-1,-1,-1,0,0,-1,-1,-1,0,10,-1,-1,-1,0,10,-1,-1,-1,0,10,37,28,-1,0,0,41,50,-1,0,0,-1,-1,-1,0,0,-1,-1,-1,0,0,-1,-1,-1,0,10,-1,-1,-1,0,10,-1,-1,-1,0,20,-1,-1,-1,0,20,-1,-1,-1,0,10,-1,-1,-1,0,0,-1,-1,-1,0,0,-1,-1,-1,0,10,-1,-1,-1,0,20,-1,-1,-1,0,20,-1,-1,-1,0,0,41,49,-1,0,10,-1,-1,-1,0,0,-1,-1,-1,0,0,-1,-1,-1,0,6,0,-1,-1,-1,0,0,-1,-1,-1,0,0,-1,-1,-1,0,0,-1,-1,-1,0,0,-1,-1,-1,0,0,-1,-1,-1,0,0,-1,-1,-1,0,0,-1,-1,-1,0,10,-1,-1,-1,0,0,-1,-1,-1,0,10,-1,-1,-1,0,0,-1,-1,-1,0,0,-1,-1,-1,0,0,-1,-1,-1,0,10,-1,-1,-1,0,10,-1,-1,-1,0,20,37,28,-1,0,10,21,50,-1,0,10,-1,-1,-1,0,0,-1,-1,-1,0,0,-1,-1,-1,0,10,-1,-1,-1,0,10,-1,-1,-1,0,20,-1,-1,-1,0,30,-1,-1,-1,0,10,-1,-1,-1,0,0,-1,-1,-1,0,0,-1,-1,-1,0,10,-1,-1,-1,0,20,-1,-1,-1,0,20,-1,-1,-1,0,0,41,49,-1,0,10,-1,-1,-1,0,0,-1,-1,-1,0,0,-1,-1,-1,0
3,10,-1,-1,-1,0,10,-1,-1,-1,0,20,37,28,-1,0,10,21,50,-1,0,10,-1,-1,-1,0,0,-1,-1,-1,0,0,-1,-1,-1,0,10,-1,-1,-1,0,10,-1,-1,-1,0,20,-1,-1,-1,0,30,-1,-1,-1,0,10,-1,-1,-1,0,0,-1,-1,-1,0,0,-1,-1,-1,0,10,-1,-1,-1,0,20,-1,-1,-1,0,20,-1,-1,-1,0,0,41,49,-1,0,10,-1,-1,-1,0,0,-1,-1,-1,0,0,-1,-1,-1,0,10,-1,-1,-1,0,0,-1,-1,-1,0,10,-1,-1,-1,0,10,-1,-1,-1,0,0,-1,-1,-1,0,0,-1,-1,-1,0,0,-1,-1,-1,0,0,-1,-1,-1,0,0,-1,-1,-1,0,0,-1,-1,-1,0,0,-1,-1,-1,0,0,-1,-1,-1,0,0,-1,-1,-1,0,0,-1,-1,-1,0,5,10,-1,-1,-1,0,10,-1,-1,-1,0,20,37,28,-1,0,10,21,50,-1,0,10,-1,-1,-1,0,0,-1,-1,-1,0,0,-1,-1,-1,0,10,-1,-1,-1,0,10,-1,-1,-1,0,20,-1,-1,-1,0,30,-1,-1,-1,0,10,-1,-1,-1,0,0,-1,-1,-1,0,0,-1,-1,-1,0,10,-1,-1,-1,0,20,-1,-1,-1,0,20,-1,-1,-1,0,0,21,69,-1,0,10,-1,-1,-1,0,0,-1,-1,-1,0,0,-1,-1,-1,0,10,-1,-1,-1,0,0,-1,-1,-1,0,10,-1,-1,-1,0,10,-1,-1,-1,0,0,-1,-1,-1,0,0,-1,-1,-1,0,0,-1,-1,-1,0,0,-1,-1,-1,0,0,-1,-1,-1,0,0,-1,-1,-1,0,0,-1,-1,-1,0,0,-1,-1,-1,0,0,-1,-1,-1,0,0,-1,-1,-1,0
0,0,-1,-1,-1,0,0,-1,-1,-1,0,0,-1,-1,-1,0,0,-1,-1,-1,0,0,-1,-1,-1,0,0,-1,-1,-1,0,0,-1,-1,-1,0,0,-1,-1,-1,0,0,-1,-1,-1,0,10,-1,-1,-1,0,0,-1,-1,-1,0,10,-1,-1,-1,0,0,-1,-1,-1,0,0,-1,-1,-1,0,0,-1,-1,-1,0,10,-1,-1,-1,0,10,-1,-1,-1,0,20,37,28,-1,0,10,21,50,-1,0,10,-1,-1,-1,0,0,-1,-1,-1,0,0,-1,-1,-1,0,10,-1,-1,-1,0,10,-1,-1,-1,0,20,-1,-1,-1,0,30,-1,-1,-1,0,10,-1,-1,-1,0,0,-1,-1,-1,0,10,2,72,-1,0,10,-1,-1,-1,0,20,-1,-1,-1,0,20,-1,-1,-1,0,0,21,69,-1,0,10,-1,-1,-1,0,0,-1,-1,-1,0,1,0,-1,-1,-1,0,0,-1,-1,-1,0,0,-1,-1,-1,0,0,-1,-1,-1,0,0,-1,-1,-1,0,0,-1,-1,-1,0,0,-1,-1,-1,0,0,-1,-1,-1,0,0,-1,-1,-1,0,0,-1,-1,-1,0,0,-1,-1,-1,0,0,-1,-1,-1,0,0,-1,-1,-1,0,0,-1,-1,-1,0,0,-1,-1,-1,0,0,-1,-1,-1,0,10,-1,-1,-1,0,0,36,28,-1,0,10,-1,-1,-1,0,0,-1,-1,-1,0,0,-1,-1,-1,0,0,-1,-1,-1,0,10,-1,-1,-1,0,10,-1,-1,-1,0,20,-1,-1,-1,0,10,21,50,-1,0,10,-1,-1,-1,0,0,-1,-1,-1,0,0,-1,-1,-1,0,10,-1,-1,-1,0,10,-1,-1,-1,0,20,-1,-1,-1,0,30,-1,-1,-1,0,10,-1,-1,-1,0,0,-1,-1,-1,0
1,0,-1,-1,-1,0,0,-1,-1,-1,0,0,-1,-1,-1,0,0,-1,-1,-1,0,10,-1,-1,-1,0,10,-1,-1,-1,0,20,-1,-1,-1,0,0,-1,-1,-1,0,0,-1,-1,-1,0,0,-1,-1,-1,0,0,-1,-1,-1,0,10,-1,-1,-1,0,10,-1,-1,-1,0,20,-1,-1,-1,0,0,-1,-1,-1,0,0,-1,-1,-1,0,0,-1,-1,-1,0,10,2,72,-1,0,10,-1,-1,-1,0,20,-1,-1,-1,0,20,-1,-1,-1,0,0,-1,-1,-1,0,0,-1,-1,-1,0,0,-1,-1,-1,0,0,-1,-1,-1,0,10,-1,-1,-1,0,0,-1,-1,-1,0,10,-1,-1,-1,0,0,-1,-1,-1,0,0,-1,-1,-1,0,0,-1,-1,-1,0,0,-1,-1,-1,0,0,-1,-1,-1,0,0,-1,-1,-1,0,0,-1,-1,-1,0,5,0,-1,-1,-1,0,0,-1,-1,-1,0,0,-1,-1,-1,0,0,-1,-1,-1,0,10,-1,-1,-1,0,10,-1,-1,-1,0,20,-1,-1,-1,0,0,-1,-1,-1,0,0,-1,-1,-1,0,0,-1,-1,-1,0,0,-1,-1,-1,0,10,-1,-1,-1,0,10,-1,-1,-1,0,20,-1,-1,-1,0,0,-1,-1,-1,0,0,-1,-1,-1,0,0,-1,-1,-1,0,10,1,73,-1,0,10,-1,-1,-1,0,20,-1,-1,-1,0,20,-1,-1,-1,0,0,-1,-1,-1,0,0,-1,-1,-1,0,0,-1,-1,-1,0,0,-1,-1,-1,0,10,-1,-1,-1,0,0,-1,-1,-1,0,10,-1,-1,-1,0,0,-1,-1,-1,0,0,-1,-1,-1,0,0,-1,-1,-1,0,0,-1,-1,-1,0,0,-1,-1,-1,0,0,-1,-1,-1,0,0,-1,-1,-1,0
2,0,-1,-1,-1,0,0,-1,-1,-1,0,0,-1,-1,-1,0,0,-1,-1,-1,0,0,-1,-1,-1,0,0,-1,-1,-1,0,0,-1,-1,-1,0,0,-1,-1,-1,0,10,-1,-1,-1,0,0,36,28,-1,0,10,-1,-1,-1,0,0,-1,-1,-1,0,0,-1,-1,-1,0,0,-1,-1,-1,0,10,-1,-1,-1,0,10,-1,-1,-1,0,20,-1,-1,-1,0,10,21,50,-1,0,10,-1,-1,-1,0,0,-1,-1,-1,0,0,-1,-1,-1,0,10,-1,-1,-1,0,10,-1,-1,-1,0,20,-1,-1,-1,0,30,-1,-1,-1,0,10,-1,-1,-1,0,0,-1,-1,-1,0,0,-1,-1,-1,0,10,-1,-1,-1,0,20,-1,-1,-1,0,20,-1,-1,-1,0,0,21,69,-1,0,10,-1,-1,-1,0,0,-1,-1,-1,0,0,-1,-1,-1,0,3,0,-1,-1,-1,0,0,-1,-1,-1,0,0,-1,-1,-1,0,0,-1,-1,-1,0,0,-1,-1,-1,0,0,-1,-1,-1,0,0,-1,-1,-1,0,0,-1,-1,-1,0,0,-1,-1,-1,0,10,-1,-1,-1,0,0,36,28,-1,0,10,-1,-1,-1,0,0,-1,-1,-1,0,0,-1,-1,-1,0,0,-1,-1,-1,0,10,-1,-1,-1,0,10,-1,-1,-1,0,20,20,50,-1,0,10,-1,-1,-1,0,10,-1,-1,-1,0,0,-1,-1,-1,0,0,-1,-1,-1,0,10,-1,-1,-1,0,10,-1,-1,-1,0,20,-1,-1,-1,0,30,-1,-1,-1,0,10,-1,-1,-1,0,0,-1,-1,-1,0,10,1,73,-1,0,10,-1,-1,-1,0,20,-1,-1,-1,0,20,-1,-1,-1,0,0,21,69,-1,0,10,-1,-1,-1,0,0,-1,-1,-1,0
3,10,-1,-1,-1,0,10,-1,-1,-1,0,20,20,50,-1,0,10,-1,-1,-1,0,10,-1,-1,-1,0,0,-1,-1,-1,0,0,-1,-1,-1,0,10,-1,-1,-1,0,10,-1,-1,-1,0,20,-1,-1,-1,0,30,-1,-1,-1,0,10,-1,-1,-1,0,0,-1,-1,-1,0,0,-1,-1,-1,0,10,-1,-1,-1,0,20,-1,-1,-1,0,20,-1,-1,-1,0,0,21,69,-1,0,10,-1,-1,-1,0,0,-1,-1,-1,0,0,-1,-1,-1,0,10,-1,-1,-1,0,0,-1,-1,-1,0,10,-1,-1,-1,0,10,-1,-1,-1,0,0,-1,-1,-1,0,0,-1,-1,-1,0,0,-1,-1,-1,0,0,-1,-1,-1,0,0,-1,-1,-1,0,0,-1,-1,-1,0,0,-1,-1,-1,0,0,-1,-1,-1,0,0,-1,-1,-1,0,0,-1,-1,-1,0,3,0,-1,-1,-1,0,10,-1,-1,-1,0,10,-1,-1,-1,0,20,20,50,-1,0,10,-1,-1,-1,0,10,-1,-1,-1,0,0,-1,-1,-1,0,0,-1,-1,-1,0,10,-1,-1,-1,0,10,-1,-1,-1,0,20,-1,-1,-1,0,30,-1,-1,-1,0,10,-1,-1,-1,0,0,-1,-1,-1,0,10,1,73,-1,0,10,-1,-1,-1,0,20,-1,-1,-1,0,20,20,69,-1,0,0,-1,-1,-1,0,10,-1,-1,-1,0,0,-1,-1,-1,0,0,-1,-1,-1,0,10,-1,-1,-1,0,0,-1,-1,-1,0,10,-1,-1,-1,0,10,-1,-1,-1,0,0,-1,-1,-1,0,0,-1,-1,-1,0,0,-1,-1,-1,0,0,-1,-1,-1,0,0,-1,-1,-1,0,0,-1,-1,-1,0,0,-1,-1,-1,0,0,-1,-1,-1,0,0,-1,-1,-1,0
0,0,-1,-1,-1,0,0,-1,-1,-1,0,0,-1,-1,-1,0,0,-1,-1,-1,0,0,-1,-1,-1,0,0,-1,-1,-1,0,0,-1,-1,-1,0,0,-1,-1,-1,0,0,-1,-1,-1,0,0,-1,-1,-1,0,0,-1,-1,-1,0,0,-1,-1,-1,0,0,-1,-1,-1,0,0,-1,-1,-1,0,0,-1,-1,-1,0,0,-1,-1,-1,0,10,-1,-1,-1,0,0,36,28,-1,0,10,-1,-1,-1,0,0,-1,-1,-1,0,0,-1,-1,-1,0,0,-1,-1,-1,0,10,-1,-1,-1,0,10,-1,-1,-1,0,20,20,50,-1,0,10,-1,-1,-1,0,10,-1,-1,-1,0,0,-1,-1,-1,0,0,-1,-1,-1,0,10,-1,-1,-1,0,10,-1,-1,-1,0,20,-1,-1,-1,0,30,-1,-1,-1,0,10,-1,-1,-1,0,0,-1,-1,-1,0,5,0,-1,-1,-1,0,0,-1,-1,-1,0,0,-1,-1,-1,0,0,-1,-1,-1,0,0,-1,-1,-1,0,0,-1,-1,-1,0,0,-1,-1,-1,0,0,-1,-1,-1,0,0,-1,-1,-1,0,0,-1,-1,-1,0,0,-1,-1,-1,0,0,-1,-1,-1,0,0,-1,-1,-1,0,0,-1,-1,-1,0,0,-1,-1,-1,0,0,-1,-1,-1,0,10,-1,-1,-1,0,0,18,46,-1,0,10,-1,-1,-1,0,0,-1,-1,-1,0,0,-1,-1,-1,0,0,-1,-1,-1,0,10,-1,-1,-1,0,10,-1,-1,-1,0,20,20,50,-1,0,10,-1,-1,-1,0,10,-1,-1,-1,0,0,-1,-1,-1,0,0,-1,-1,-1,0,10,-1,-1,-1,0,10,-1,-1,-1,0,20,-1,-1,-1,0,30,-1,-1,-1,0,10,-1,-1,-1,0,0,-1,-1,-1,0
1,0,-1,-1,-1,0,0,-1,-1,-1,0,0,-1,-1,-1,0,0,-1,-1,-1,0,10,-1,-1,-1,0,10,-1,-1,-1,0,20,20,50,-1,0,0,-1,-1,-1,0,0,-1,-1,-1,0,0,-1,-1,-1,0,0,-1,-1,-1,0,10,-1,-1,-1,0,10,-1,-1,-1,0,20,-1,-1,-1,0,0,-1,-1,-1,0,0,-1,-1,-1,0,0,-1,-1,-1,0,10,1,73,-1,0,10,-1,-1,-1,0,20,-1,-1,-1,0,20,20,69,-1,0,0,-1,-1,-1,0,0,-1,-1,-1,0,0,-1,-1,-1,0,0,-1,-1,-1,0,10,-1,-1,-1,0,0,-1,-1,-1,0,10,-1,-1,-1,0,0,-1,-1,-1,0,0,-1,-1,-1,0,0,-1,-1,-1,0,0,-1,-1,-1,0,0,-1,-1,-1,0,0,-1,-1,-1,0,0,-1,-1,-1,0,2,0,-1,-1,-1,0,0,-1,-1,-1,0,0,-1,-1,-1,0,10,-1,-1,-1,0,10,-1,-1,-1,0,20,20,50,-1,0,10,-1,-1,-1,0,0,-1,-1,-1,0,0,-1,-1,-1,0,0,-1,-1,-1,0,10,-1,-1,-1,0,10,-1,-1,-1,0,20,-1,-1,-1,0,30,-1,-1,-1,0,0,-1,-1,-1,0,0,-1,-1,-1,0,10,-1,-1,-1,0,10,0,73,-1,0,20,-1,-1,-1,0,20,20,69,-1,0,0,-1,-1,-1,0,0,-1,-1,-1,0,0,-1,-1,-1,0,0,-1,-1,-1,0,10,-1,-1,-1,0,0,-1,-1,-1,0,10,-1,-1,-1,0,10,-1,-1,-1,0,0,-1,-1,-1,0,0,-1,-1,-1,0,0,-1,-1,-1,0,0,-1,-1,-1,0,0,-1,-1,-1,0,0,-1,-1,-1,0,0,-1,-1,-1,0
2,0,-1,-1,-1,0,0,-1,-1,-1,0,0,-1,-1,-1,0,0,-1,-1,-1,0,0,-1,-1,-1,0,0,-1,-1,-1,0,0,-1,-1,-1,0,0,-1,-1,-1,0,0,-1,-1,-1,0,10,-1,-1,-1,0,0,18,46,-1,0,10,-1,-1,-1,0,0,-1,-1,-1,0,0,-1,-1,-1,0,0,-1,-1,-1,0,10,-1,-1,-1,0,10,-1,-1,-1,0,20,20,50,-1,0,10,-1,-1,-1,0,10,-1,-1,-1,0,0,-1,-1,-1,0,0,-1,-1,-1,0,10,-1,-1,-1,0,10,-1,-1,-1,0,20,-1,-1,-1,0,30,-1,-1,-1,0,10,-1,-1,-1,0,0,-1,-1,-1,0,10,-1,-1,-1,0,10,0,73,-1,0,20,-1,-1,-1,0,20,20,69,-1,0,0,-1,-1,-1,0,10,-1,-1,-1,0,0,-1,-1,-1,0,1,0,-1,-1,-1,0,0,-1,-1,-1,0,0,-1,-1,-1,0,0,-1,-1,-1,0,0,-1,-1,-1,0,0,-1,-1,-1,0,0,-1,-1,-1,0,0,-1,-1,-1,0,0,-1,-1,-1,0,0,-1,-1,-1,0,0,-1,-1,-1,0,0,-1,-1,-1,0,0,-1,-1,-1,0,0,-1,-1,-1,0,0,-1,-1,-1,0,0,-1,-1,-1,0,10,-1,-1,-1,0,0,18,46,19,50,10,-1,-1,-1,0,0,-1,-1,-1,0,0,-1,-1,-1,0,0,-1,-1,-1,0,10,-1,-1,-1,0,10,-1,-1,-1,0,20,-1,-1,-1,0,10,-1,-1,-1,0,10,-1,-1,-1,0,0,-1,-1,-1,0,0,-1,-1,-1,0,10,-1,-1,-1,0,10,-1,-1,-1,0,20,-1,-1,-1,0,30,-1,-1,-1,0,10,-1,-1,-1,0,0,-1,-1,-1,0
3,0,-1,-1,-1,0,10,-1,-1,-1,0,10,-1,-1,-1,0,20,-1,-1,-1,0,10,-1,-1,-1,0,10,-1,-1,-1,0,0,-1,-1,-1,0,0,-1,-1,-1,0,10,-1,-1,-1,0,10,-1,-1,-1,0,20,-1,-1,-1,0,30,-1,-1,-1,0,10,-1,-1,-1,0,0,-1,-1,-1,0,10,-1,-1,-1,0,10,0,73,-1,0,20,-1,-1,-1,0,20,20,69,-1,0,0,-1,-1,-1,0,10,-1,-1,-1,0,0,-1,-1,-1,0,0,-1,-1,-1,0,10,-1,-1,-1,0,0,-1,-1,-1,0,10,-1,-1,-1,0,10,-1,-1,-1,0,0,-1,-1,-1,0,0,-1,-1,-1,0,0,-1,-1,-1,0,0,-1,-1,-1,0,0,-1,-1,-1,0,0,-1,-1,-1,0,0,-1,-1,-1,0,0,-1,-1,-1,0,0,-1,-1,-1,0,0,0,-1,-1,-1,0,10,-1,-1,-1,0,10,-1,-1,-1,0,20,-1,-1,-1,0,30,-1,-1,-1,0,10,-1,-1,-1,0,0,-1,-1,-1,0,10,-1,-1,-1,0,10,0,73,-1,0,20,-1,-1,-1,0,20,-1,-1,-1,0,0,-1,-1,-1,0,10,-1,-1,-1,0,0,-1,-1,-1,0,0,-1,-1,-1,0,10,-1,-1,-1,0,0,-1,-1,-1,0,10,19,69,-1,0,10,-1,-1,-1,0,0,-1,-1,-1,0,0,-1,-1,-1,0,0,-1,-1,-1,0,0,-1,-1,-1,0,0,-1,-1,-1,0,0,-1,-1,-1,0,0,-1,-1,-1,0,0,-1,-1,-1,0,0,-1,-1,-1,0,0,-1,-1,-1,0,0,-1,-1,-1,0,0,-1,-1,-1,0,0,-1,-1,-1,0,0,-1,-1,-1,0,0,-1,-1,-1,0,0,-1,-1,-1,0
0,0,-1,-1,-1,0,0,-1,-1,-1,0,0,-1,-1,-1,0,0,-1,-1,-1,0,0,-1,-1,-1,0,0,-1,-1,-1,0,0,-1,-1,-1,0,0,-1,-1,-1,0,0,-1,-1,-1,0,0,-1,-1,-1,0,0,-1,-1,-1,0,0,-1,-1,-1,0,0,-1,-1,-1,0,0,-1,-1,-1,0,0,-1,-1,-1,0,0,-1,-1,-1,0,10,-1,-1,-1,0,0,18,46,19,50,10,-1,-1,-1,0,0,-1,-1,-1,0,0,-1,-1,-1,0,0,-1,-1,-1,0,10,-1,-1,-1,0,10,-1,-1,-1,0,20,-1,-1,-1,0,10,-1,-1,-1,0,10,-1,-1,-1,0,0,-1,-1,-1,0,0,-1,-1,-1,0,10,-1,-1,-1,0,10,-1,-1,-1,0,20,-1,-1,-1,0,30,-1,-1,-1,0,10,-1,-1,-1,0,0,-1,-1,-1,0,5,0,-1,-1,-1,0,0,-1,-1,-1,0,0,-1,-1,-1,0,0,-1,-1,-1,0,0,-1,-1,-1,0,0,-1,-1,-1,0,0,-1,-1,-1,0,0,-1,-1,-1,0,0,-1,-1,-1,0,0,-1,-1,-1,0,0,-1,-1,-1,0,0,-1,-1,-1,0,0,-1,-1,-1,0,0,-1,-1,-1,0,0,-1,-1,-1,0,0,-1,-1,-1,0,10,-1,-1,-1,0,0,9,55,19,50,10,-1,-1,-1,0,0,-1,-1,-1,0,0,-1,-1,-1,0,0,-1,-1,-1,0,10,-1,-1,-1,0,10,-1,-1,-1,0,20,-1,-1,-1,0,10,-1,-1,-1,0,10,-1,-1,-1,0,0,-1,-1,-1,0,0,-1,-1,-1,0,10,-1,-1,-1,0,10,-1,-1,-1,0,20,-1,-1,-1,0,30,-1,-1,-1,0,10,-1,-1,-1,0,0,-1,-1,-1,0
2,0,-1,-1,-1,0,0,-1,-1,-1,0,0,-1,-1,-1,0,0,-1,-1,-1,0,0,-1,-1,-1,0,0,-1,-1,-1,0,0,-1,-1,-1,0,0,-1,-1,-1,0,0,-1,-1,-1,0,0,-1,-1,-1,0,0,-1,-1,-1,0,0,-1,-1,-1,0,0,-1,-1,-1,0,0,-1,-1,-1,0,0,-1,-1,-1,0,0,-1,-1,-1,0,10,-1,-1,-1,0,0,9,55,19,50,10,-1,-1,-1,0,0,-1,-1,-1,0,0,-1,-1,-1,0,0,-1,-1,-1,0,10,-1,-1,-1,0,10,-1,-1,-1,0,20,-1,-1,-1,0,10,-1,-1,-1,0,10,-1,-1,-1,0,0,-1,-1,-1,0,0,-1,-1,-1,0,10,-1,-1,-1,0,10,-1,-1,-1,0,20,-1,-1,-1,0,30,-1,-1,-1,0,10,-1,-1,-1,0,0,-1,-1,-1,0,5,0,-1,-1,-1,0,0,-1,-1,-1,0,0,-1,-1,-1,0,0,-1,-1,-1,0,0,-1,-1,-1,0,0,-1,-1,-1,0,0,-1,-1,-1,0,0,-1,-1,-1,0,0,-1,-1,-1,0,0,-1,-1,-1,0,0,-1,-1,-1,0,0,-1,-1,-1,0,0,-1,-1,-1,0,0,-1,-1,-1,0,0,-1,-1,-1,0,0,-1,-1,-1,0,10,-1,-1,-1,0,0,9,55,10,59,10,-1,-1,-1,0,0,-1,-1,-1,0,0,-1,-1,-1,0,0,-1,-1,-1,0,10,-1,-1,-1,0,10,-1,-1,-1,0,20,-1,-1,-1,0,10,-1,-1,-1,0,10,-1,-1,-1,0,0,-1,-1,-1,0,0,-1,-1,-1,0,10,-1,-1,-1,0,10,-1,-1,-1,0,20,-1,-1,-1,0,30,-1,-1,-1,0,10,-1,-1,-1,0,0,-1,-1,-1,0
3,0,-1,-1,-1,0,10,-1,-1,-1,0,10,-1,-1,-1,0,20,-1,-1,-1,0,30,-1,-1,-1,0,10,-1,-1,-1,0,0,-1,-1,-1,0,10,-1,-1,-1,0,10,0,73,-1,0,20,-1,-1,-1,0,20,-1,-1,-1,0,0,-1,-1,-1,0,10,-1,-1,-1,0,0,-1,-1,-1,0,0,-1,-1,-1,0,10,-1,-1,-1,0,0,-1,-1,-1,0,10,19,69,-1,0,10,-1,-1,-1,0,0,-1,-1,-1,0,0,-1,-1,-1,0,0,-1,-1,-1,0,0,-1,-1,-1,0,0,-1,-1,-1,0,0,-1,-1,-1,0,0,-1,-1,-1,0,0,-1,-1,-1,0,0,-1,-1,-1,0,0,-1,-1,-1,0,0,-1,-1,-1,0,0,-1,-1,-1,0,0,-1,-1,-1,0,0,-1,-1,-1,0,0,-1,-1,-1,0,0,-1,-1,-1,0,3,0,-1,-1,-1,0,0,-1,-1,-1,0,10,-1,-1,-1,0,10,-1,-1,-1,0,20,-1,-1,-1,0,30,-1,-1,-1,0,10,-1,-1,-1,0,0,-1,-1,-1,0,10,-1,-1,-1,0,10,0,73,-1,0,20,-1,-1,-1,0,20,-1,-1,-1,0,0,-1,-1,-1,0,10,-1,-1,-1,0,0,-1,-1,-1,0,0,-1,-1,-1,0,10,-1,-1,-1,0,0,18,69,-1,0,10,-1,-1,-1,0,10,-1,-1,-1,0,0,-1,-1,-1,0,0,-1,-1,-1,0,0,-1,-1,-1,0,0,-1,-1,-1,0,0,-1,-1,-1,0,0,-1,-1,-1,0,0,-1,-1,-1,0,0,-1,-1,-1,0,0,-1,-1,-1,0,0,-1,-1,-1,0,0,-1,-1,-1,0,0,-1,-1,-1,0,0,-1,-1,-1,0,0,-1,-1,-1,0,0,-1,-1,-1,0
0,0,-1,-1,-1,0,0,-1,-1,-1,0,0,-1,-1,-1,0,0,-1,-1,-1,0,0,-1,-1,-1,0,0,-1,-1,-1,0,0,-1,-1,-1,0,0,-1,-1,-1,0,0,-1,-1,-1,0,0,-1,-1,-1,0,0,-1,-1,-1,0,0,-1,-1,-1,0,0,-1,-1,-1,0,0,-1,-1,-1,0,0,-1,-1,-1,0,0,-1,-1,-1,0,10,-1,-1,-1,0,0,9,55,10,59,10,-1,-1,-1,0,0,-1,-1,-1,0,0,-1,-1,-1,0,0,-1,-1,-1,0,10,-1,-1,-1,0,10,-1,-1,-1,0,20,-1,-1,-1,0,10,-1,-1,-1,0,10,-1,-1,-1,0,0,-1,-1,-1,0,0,-1,-1,-1,0,10,-1,-1,-1,0,10,-1,-1,-1,0,20,-1,-1,-1,0,30,-1,-1,-1,0,10,-1,-1,-1,0,0,-1,-1,-1,0,0,0,-1,-1,-1,0,0,-1,-1,-1,0,0,-1,-1,-1,0,0,-1,-1,-1,0,0,-1,-1,-1,0,0,-1,-1,-1,0,0,-1,-1,-1,0,0,-1,-1,-1,0,0,-1,-1,-1,0,10,-1,-1,-1,0,0,10,59,-1,0,10,-1,-1,-1,0,0,-1,-1,-1,0,0,-1,-1,-1,0,0,-1,-1,-1,0,10,-1,-1,-1,0,10,-1,-1,-1,0,20,8,55,-1,0,10,-1,-1,-1,0,10,-1,-1,-1,0,0,-1,-1,-1,0,0,-1,-1,-1,0,10,-1,-1,-1,0,10,-1,-1,-1,0,20,-1,-1,-1,0,30,-1,-1,-1,0,10,-1,-1,-1,0,0,-1,-1,-1,0,10,-1,-1,-1,0,10,0,73,-1,0,20,-1,-1,-1,0,20,-1,-1,-1,0,0,-1,-1,-1,0,10,-1,-1,-1,0,0,-1,-1,-1,0
2,0,-1,-1,-1,0,0,-1,-1,-1,0,0,-1,-1,-1,0,0,-1,-1,-1,0,0,-1,-1,-1,0,0,-1,-1,-1,0,0,-1,-1,-1,0,0,-1,-1,-1,0,0,-1,-1,-1,0,0,-1,-1,-1,0,0,-1,-1,-1,0,0,-1,-1,-1,0,0,-1,-1,-1,0,0,-1,-1,-1,0,0,-1,-1,-1,0,0,-1,-1,-1,0,10,-1,-1,-1,0,0,10,59,-1,0,10,-1,-1,-1,0,0,-1,-1,-1,0,0,-1,-1,-1,0,0,-1,-1,-1,0,10,-1,-1,-1,0,10,-1,-1,-1,0,20,8,55,-1,0,10,-1,-1,-1,0,10,-1,-1,-1,0,0,-1,-1,-1,0,0,-1,-1,-1,0,10,-1,-1,-1,0,10,-1,-1,-1,0,20,-1,-1,-1,0,30,-1,-1,-1,0,10,-1,-1,-1,0,0,-1,-1,-1,0,1,0,-1,-1,-1,0,0,-1,-1,-1,0,0,-1,-1,-1,0,0,-1,-1,-1,0,0,-1,-1,-1,0,0,-1,-1,-1,0,0,-1,-1,-1,0,0,-1,-1,-1,0,0,-1,-1,-1,0,0,-1,-1,-1,0,0,-1,-1,-1,0,0,-1,-1,-1,0,0,-1,-1,-1,0,0,-1,-1,-1,0,0,-1,-1,-1,0,0,-1,-1,-1,0,0,-1,-1,-1,0,0,9,59,-1,0,0,-1,-1,-1,0,0,-1,-1,-1,0,0,-1,-1,-1,0,0,-1,-1,-1,0,0,-1,-1,-1,0,10,-1,-1,-1,0,0,-1,-1,-1,0,10,-1,-1,-1,0,0,-1,-1,-1,0,0,-1,-1,-1,0,0,-1,-1,-1,0,10,-1,-1,-1,0,10,-1,-1,-1,0,20,8,55,-1,0,10,-1,-1,-1,0,10,-1,-1,-1,0,0,-1,-1,-1,0
3,0,-1,-1,-1,0,0,-1,-1,-1,0,10,-1,-1,-1,0,10,-1,-1,-1,0,20,-1,-1,-1,0,30,-1,-1,-1,0,10,-1,-1,-1,0,0,-1,-1,-1,0,10,-1,-1,-1,0,10,0,73,-1,0,20,-1,-1,-1,0,20,-1,-1,-1,0,0,-1,-1,-1,0,10,-1,-1,-1,0,0,-1,-1,-1,0,0,-1,-1,-1,0,10,-1,-1,-1,0,0,18,69,-1,0,10,-1,-1,-1,0,10,-1,-1,-1,0,0,-1,-1,-1,0,0,-1,-1,-1,0,0,-1,-1,-1,0,0,-1,-1,-1,0,0,-1,-1,-1,0,0,-1,-1,-1,0,0,-1,-1,-1,0,0,-1,-1,-1,0,0,-1,-1,-1,0,0,-1,-1,-1,0,0,-1,-1,-1,0,0,-1,-1,-1,0,0,-1,-1,-1,0,0,-1,-1,-1,0,0,-1,-1,-1,0,0,0,-1,-1,-1,0,10,-1,-1,-1,0,10,0,73,-1,0,20,-1,-1,-1,0,20,-1,-1,-1,0,0,-1,-1,-1,0,10,-1,-1,-1,0,0,-1,-1,-1,0,0,-1,-1,-1,0,10,-1,-1,-1,0,0,-1,-1,-1,0,10,-1,-1,-1,0,10,-1,-1,-1,0,0,-1,-1,-1,0,0,-1,-1,-1,0,0,-1,-1,-1,0,0,-1,-1,-1,0,0,17,69,-1,0,0,-1,-1,-1,0,0,-1,-1,-1,0,0,-1,-1,-1,0,0,-1,-1,-1,0,0,-1,-1,-1,0,0,-1,-1,-1,0,0,-1,-1,-1,0,0,-1,-1,-1,0,0,-1,-1,-1,0,0,-1,-1,-1,0,0,-1,-1,-1,0,0,-1,-1,-1,0,0,-1,-1,-1,0,0,-1,-1,-1,0,0,-1,-1,-1,0,0,-1,-1,-1,0,0,-1,-1,-1,0
0,0,-1,-1,-1,0,0,-1,-1,-1,0,0,-1,-1,-1,0,0,9,59,-1,0,0,-1,-1,-1,0,0,-1,-1,-1,0,0,-1,-1,-1,0,0,-1,-1,-1,0,0,-1,-1,-1,0,10,-1,-1,-1,0,0,-1,-1,-1,0,10,-1,-1,-1,0,0,-1,-1,-1,0,0,-1,-1,-1,0,0,-1,-1,-1,0,10,-1,-1,-1,0,10,-1,-1,-1,0,20,8,55,-1,0,10,-1,-1,-1,0,10,-1,-1,-1,0,0,-1,-1,-1,0,0,-1,-1,-1,0,10,-1,-1,-1,0,10,-1,-1,-1,0,20,-1,-1,-1,0,30,-1,-1,-1,0,10,-1,-1,-1,0,0,-1,-1,-1,0,10,-1,-1,-1,0,10,0,73,-1,0,20,-1,-1,-1,0,20,-1,-1,-1,0,0,-1,-1,-1,0,10,-1,-1,-1,0,0,-1,-1,-1,0,1,0,-1,-1,-1,0,0,-1,-1,-1,0,0,-1,-1,-1,0,0,-1,-1,-1,0,0,-1,-1,-1,0,0,-1,-1,-1,0,0,-1,-1,-1,0,0,-1,-1,-1,0,0,-1,-1,-1,0,0,-1,-1,-1,0,0,9,59,-1,0,0,-1,-1,-1,0,0,-1,-1,-1,0,0,-1,-1,-1,0,0,-1,-1,-1,0,0,-1,-1,-1,0,10,-1,-1,-1,0,0,7,55,-1,0,10,-1,-1,-1,0,0,-1,-1,-1,0,0,-1,-1,-1,0,0,-1,-1,-1,0,10,-1,-1,-1,0,10,-1,-1,-1,0,20,-1,-1,-1,0,10,-1,-1,-1,0,10,-1,-1,-1,0,0,-1,-1,-1,0,0,-1,-1,-1,0,10,-1,-1,-1,0,10,-1,-1,-1,0,20,-1,-1,-1,0,30,-1,-1,-1,0,10,-1,-1,-1,0,0,-1,-1,-1,0
2,0,-1,-1,-1,0,0,-1,-1,-1,0,0,-1,-1,-1,0,0,-1,-1,-1,0,0,-1,-1,-1,0,0,-1,-1,-1,0,0,-1,-1,-1,0,0,-1,-1,-1,0,0,-1,-1,-1,0,0,-1,-1,-1,0,0,-1,-1,-1,0,0,-1,-1,-1,0,0,-1,-1,-1,0,0,-1,-1,-1,0,0,-1,-1,-1,0,0,-1,-1,-1,0,0,-1,-1,-1,0,0,9,59,-1,0,0,-1,-1,-1,0,0,-1,-1,-1,0,0,-1,-1,-1,0,0,-1,-1,-1,0,0,-1,-1,-1,0,10,-1,-1,-1,0,0,7,55,-1,0,10,-1,-1,-1,0,0,-1,-1,-1,0,0,-1,-1,-1,0,0,-1,-1,-1,0,10,-1,-1,-1,0,10,-1,-1,-1,0,20,-1,-1,-1,0,10,-1,-1,-1,0,10,-1,-1,-1,0,0,-1,-1,-1,0,3,0,-1,-1,-1,0,0,-1,-1,-1,0,0,-1,-1,-1,0,0,-1,-1,-1,0,0,-1,-1,-1,0,0,-1,-1,-1,0,0,-1,-1,-1,0,0,-1,-1,-1,0,0,-1,-1,-1,0,0,-1,-1,-1,0,0,-1,-1,-1,0,0,-1,-1,-1,0,0,-1,-1,-1,0,0,-1,-1,-1,0,0,-1,-1,-1,0,0,-1,-1,-1,0,0,-1,-1,-1,0,0,8,59,-1,0,0,-1,-1,-1,0,0,-1,-1,-1,0,0,-1,-1,-1,0,0,-1,-1,-1,0,0,-1,-1,-1,0,0,-1,-1,-1,0,10,-1,-1,-1,0,0,7,55,-1,0,10,-1,-1,-1,0,0,-1,-1,-1,0,0,-1,-1,-1,0,0,-1,-1,-1,0,10,-1,-1,-1,0,10,-1,-1,-1,0,20,-1,-1,-1,0,10,-1,-1,-1,0,10,-1,-1,-1,0
3,0,-1,-1,-1,0,10,-1,-1,-1,0,10,0,73,-1,0,20,-1,-1,-1,0,20,-1,-1,-1,0,0,-1,-1,-1,0,10,-1,-1,-1,0,0,-1,-1,-1,0,0,-1,-1,-1,0,10,-1,-1,-1,0,0,-1,-1,-1,0,10,-1,-1,-1,0,10,-1,-1,-1,0,0,-1,-1,-1,0,0,-1,-1,-1,0,0,-1,-1,-1,0,0,-1,-1,-1,0,0,17,69,-1,0,0,-1,-1,-1,0,0,-1,-1,-1,0,0,-1,-1,-1,0,0,-1,-1,-1,0,0,-1,-1,-1,0,0,-1,-1,-1,0,0,-1,-1,-1,0,0,-1,-1,-1,0,0,-1,-1,-1,0,0,-1,-1,-1,0,0,-1,-1,-1,0,0,-1,-1,-1,0,0,-1,-1,-1,0,0,-1,-1,-1,0,0,-1,-1,-1,0,0,-1,-1,-1,0,0,-1,-1,-1,0,1,0,-1,-1,-1,0,0,-1,-1,-1,0,10,-1,-1,-1,0,10,-1,-1,-1,0,20,-1,-1,-1,0,30,-1,-1,-1,0,10,-1,-1,-1,0,0,-1,-1,-1,0,10,-1,-1,-1,0,10,0,73,-1,0,20,-1,-1,-1,0,20,-1,-1,-1,0,0,-1,-1,-1,0,10,-1,-1,-1,0,0,-1,-1,-1,0,0,-1,-1,-1,0,10,-1,-1,-1,0,0,16,69,-1,0,10,-1,-1,-1,0,10,-1,-1,-1,0,0,-1,-1,-1,0,0,-1,-1,-1,0,0,-1,-1,-1,0,0,-1,-1,-1,0,0,-1,-1,-1,0,0,-1,-1,-1,0,0,-1,-1,-1,0,0,-1,-1,-1,0,0,-1,-1,-1,0,0,-1,-1,-1,0,0,-1,-1,-1,0,0,-1,-1,-1,0,0,-1,-1,-1,0,0,-1,-1,-1,0,0,-1,-1,-1,0
0,0,-1,-1,-1,0,0,-1,-1,-1,0,0,-1,-1,-1,0,0,-1,-1,-1,0,0,-1,-1,-1,0,0,-1,-1,-1,0,0,-1,-1,-1,0,0,-1,-1,-1,0,0,-1,-1,-1,0,0,8,59,-1,0,0,-1,-1,-1,0,0,-1,-1,-1,0,0,-1,-1,-1,0,0,-1,-1,-1,0,0,-1,-1,-1,0,0,-1,-1,-1,0,10,-1,-1,-1,0,0,7,55,-1,0,10,-1,-1,-1,0,0,-1,-1,-1,0,0,-1,-1,-1,0,0,-1,-1,-1,0,10,-1,-1,-1,0,10,-1,-1,-1,0,20,-1,-1,-1,0,10,-1,-1,-1,0,10,-1,-1,-1,0,0,-1,-1,-1,0,0,-1,-1,-1,0,10,-1,-1,-1,0,10,-1,-1,-1,0,20,-1,-1,-1,0,30,-1,-1,-1,0,10,-1,-1,-1,0,0,-1,-1,-1,0,0,0,-1,-1,-1,0,0,-1,-1,-1,0,0,8,59,-1,0,0,-1,-1,-1,0,0,-1,-1,-1,0,0,-1,-1,-1,0,0,-1,-1,-1,0,0,-1,-1,-1,0,0,-1,-1,-1,0,10,-1,-1,-1,0,0,-1,-1,-1,0,10,-1,-1,-1,0,0,-1,-1,-1,0,0,-1,-1,-1,0,0,-1,-1,-1,0,10,-1,-1,-1,0,10,-1,-1,-1,0,20,6,55,-1,0,10,-1,-1,-1,0,10,-1,-1,-1,0,0,-1,-1,-1,0,0,-1,-1,-1,0,10,-1,-1,-1,0,10,-1,-1,-1,0,20,-1,-1,-1,0,30,-1,-1,-1,0,10,-1,-1,-1,0,0,-1,-1,-1,0,10,-1,-1,-1,0,10,0,73,-1,0,20,-1,-1,-1,0,20,-1,-1,-1,0,0,-1,-1,-1,0,10,-1,-1,-1,0,0,-1,-1,-1,0
2,0,-1,-1,-1,0,0,-1,-1,-1,0,0,-1,-1,-1,0,0,-1,-1,-1,0,0,-1,-1,-1,0,0,-1,-1,-1,0,0,-1,-1,-1,0,0,-1,-1,-1,0,0,-1,-1,-1,0,0,-1,-1,-1,0,0,-1,-1,-1,0,0,-1,-1,-1,0,0,-1,-1,-1,0,0,-1,-1,-1,0,0,-1,-1,-1,0,0,-1,-1,-1,0,0,-1,-1,-1,0,0,8,59,-1,0,0,-1,-1,-1,0,0,-1,-1,-1,0,0,-1,-1,-1,0,0,-1,-1,-1,0,0,-1,-1,-1,0,0,-1,-1,-1,0,10,-1,-1,-1,0,0,-1,-1,-1,0,10,-1,-1,-1,0,0,-1,-1,-1,0,0,-1,-1,-1,0,0,-1,-1,-1,0,10,-1,-1,-1,0,10,-1,-1,-1,0,20,6,55,-1,0,10,-1,-1,-1,0,10,-1,-1,-1,0,3,0,-1,-1,-1,0,0,-1,-1,-1,0,0,-1,-1,-1,0,0,-1,-1,-1,0,0,-1,-1,-1,0,0,-1,-1,-1,0,0,-1,-1,-1,0,0,-1,-1,-1,0,0,-1,-1,-1,0,0,-1,-1,-1,0,0,-1,-1,-1,0,0,-1,-1,-1,0,0,-1,-1,-1,0,0,-1,-1,-1,0,0,-1,-1,-1,0,0,-1,-1,-1,0,0,-1,-1,-1,0,0,7,59,-1,0,0,-1,-1,-1,0,0,-1,-1,-1,0,0,-1,-1,-1,0,0,-1,-1,-1,0,0,-1,-1,-1,0,0,-1,-1,-1,0,0,-1,-1,-1,0,10,-1,-1,-1,0,0,-1,-1,-1,0,10,-1,-1,-1,0,0,-1,-1,-1,0,0,-1,-1,-1,0,0,-1,-1,-1,0,10,-1,-1,-1,0,10,-1,-1,-1,0,20,6,55,-1,0,10,-1,-1,-1,0
3,0,-1,-1,-1,0,0,-1,-1,-1,0,10,-1,-1,-1,0,10,-1,-1,-1,0,20,-1,-1,-1,0,30,-1,-1,-1,0,10,-1,-1,-1,0,0,-1,-1,-1,0,10,-1,-1,-1,0,10,0,73,-1,0,20,-1,-1,-1,0,20,-1,-1,-1,0,0,-1,-1,-1,0,10,-1,-1,-1,0,0,-1,-1,-1,0,0,-1,-1,-1,0,10,-1,-1,-1,0,0,16,69,-1,0,10,-1,-1,-1,0,10,-1,-1,-1,0,0,-1,-1,-1,0,0,-1,-1,-1,0,0,-1,-1,-1,0,0,-1,-1,-1,0,0,-1,-1,-1,0,0,-1,-1,-1,0,0,-1,-1,-1,0,0,-1,-1,-1,0,0,-1,-1,-1,0,0,-1,-1,-1,0,0,-1,-1,-1,0,0,-1,-1,-1,0,0,-1,-1,-1,0,0,-1,-1,-1,0,0,-1,-1,-1,0,5,0,-1,-1,-1,0,0,-1,-1,-1,0,10,-1,-1,-1,0,10,-1,-1,-1,0,20,-1,-1,-1,0,30,-1,-1,-1,0,10,-1,-1,-1,0,0,-1,-1,-1,0,10,-1,-1,-1,0,10,0,73,-1,0,20,-1,-1,-1,0,20,-1,-1,-1,0,0,-1,-1,-1,0,10,-1,-1,-1,0,0,-1,-1,-1,0,0,-1,-1,-1,0,10,-1,-1,-1,0,0,8,77,-1,0,10,-1,-1,-1,0,10,-1,-1,-1,0,0,-1,-1,-1,0,0,-1,-1,-1,0,0,-1,-1,-1,0,0,-1,-1,-1,0,0,-1,-1,-1,0,0,-1,-1,-1,0,0,-1,-1,-1,0,0,-1,-1,-1,0,0,-1,-1,-1,0,0,-1,-1,-1,0,0,-1,-1,-1,0,0,-1,-1,-1,0,0,-1,-1,-1,0,0,-1,-1,-1,0,0,-1,-1,-1,0
0,0,-1,-1,-1,0,0,7,59,-1,0,0,-1,-1,-1,0,0,-1,-1,-1,0,0,-1,-1,-1,0,0,-1,-1,-1,0,0,-1,-1,-1,0,0,-1,-1,-1,0,0,-1,-1,-1,0,10,-1,-1,-1,0,0,-1,-1,-1,0,10,-1,-1,-1,0,0,-1,-1,-1,0,0,-1,-1,-1,0,0,-1,-1,-1,0,10,-1,-1,-1,0,10,-1,-1,-1,0,20,6,55,-1,0,10,-1,-1,-1,0,10,-1,-1,-1,0,0,-1,-1,-1,0,0,-1,-1,-1,0,10,-1,-1,-1,0,10,-1,-1,-1,0,20,-1,-1,-1,0,30,-1,-1,-1,0,10,-1,-1,-1,0,0,-1,-1,-1,0,10,-1,-1,-1,0,10,0,73,-1,0,20,-1,-1,-1,0,20,-1,-1,-1,0,0,-1,-1,-1,0,10,-1,-1,-1,0,0,-1,-1,-1,0,5,0,-1,-1,-1,0,0,7,59,-1,0,0,-1,-1,-1,0,0,-1,-1,-1,0,0,-1,-1,-1,0,0,-1,-1,-1,0,0,-1,-1,-1,0,0,-1,-1,-1,0,0,-1,-1,-1,0,10,-1,-1,-1,0,0,-1,-1,-1,0,10,-1,-1,-1,0,0,-1,-1,-1,0,0,-1,-1,-1,0,0,-1,-1,-1,0,10,-1,-1,-1,0,10,-1,-1,-1,0,20,3,58,-1,0,10,-1,-1,-1,0,10,-1,-1,-1,0,0,-1,-1,-1,0,0,-1,-1,-1,0,10,-1,-1,-1,0,10,-1,-1,-1,0,20,-1,-1,-1,0,30,-1,-1,-1,0,10,-1,-1,-1,0,0,-1,-1,-1,0,10,-1,-1,-1,0,10,0,73,-1,0,20,-1,-1,-1,0,20,-1,-1,-1,0,0,-1,-1,-1,0,10,-1,-1,-1,0,0,-1,-1,-1,0
2,0,-1,-1,-1,0,0,-1,-1,-1,0,0,-1,-1,-1,0,0,-1,-1,-1,0,0,-1,-1,-1,0,0,-1,-1,-1,0,0,-1,-1,-1,0,0,-1,-1,-1,0,0,-1,-1,-1,0,0,-1,-1,-1,0,0,-1,-1,-1,0,0,-1,-1,-1,0,0,-1,-1,-1,0,0,-1,-1,-1,0,0,-1,-1,-1,0,0,-1,-1,-1,0,0,-1,-1,-1,0,0,7,59,-1,0,0,-1,-1,-1,0,0,-1,-1,-1,0,0,-1,-1,-1,0,0,-1,-1,-1,0,0,-1,-1,-1,0,0,-1,-1,-1,0,0,-1,-1,-1,0,10,-1,-1,-1,0,0,-1,-1,-1,0,10,-1,-1,-1,0,0,-1,-1,-1,0,0,-1,-1,-1,0,0,-1,-1,-1,0,10,-1,-1,-1,0,10,-1,-1,-1,0,20,3,58,-1,0,10,-1,-1,-1,0,3,0,-1,-1,-1,0,0,-1,-1,-1,0,0,-1,-1,-1,0,0,-1,-1,-1,0,0,-1,-1,-1,0,0,-1,-1,-1,0,0,-1,-1,-1,0,0,-1,-1,-1,0,0,-1,-1,-1,0,0,-1,-1,-1,0,0,-1,-1,-1,0,0,-1,-1,-1,0,0,-1,-1,-1,0,0,-1,-1,-1,0,0,-1,-1,-1,0,0,-1,-1,-1,0,0,-1,-1,-1,0,0,6,59,-1,0,0,-1,-1,-1,0,0,-1,-1,-1,0,0,-1,-1,-1,0,0,-1,-1,-1,0,0,-1,-1,-1,0,0,-1,-1,-1,0,0,-1,-1,-1,0,0,-1,-1,-1,0,10,-1,-1,-1,0,0,-1,-1,-1,0,0,-1,-1,-1,0,0,-1,-1,-1,0,0,-1,-1,-1,0,0,-1,-1,-1,0,10,-1,-1,-1,0,10,-1,-1,-1,0,20,3,58,-1,0
3,0,-1,-1,-1,0,0,-1,-1,-1,0,10,-1,-1,-1,0,10,-1,-1,-1,0,20,-1,-1,-1,0,30,-1,-1,-1,0,10,-1,-1,-1,0,0,-1,-1,-1,0,10,-1,-1,-1,0,10,0,73,-1,0,20,-1,-1,-1,0,20,-1,-1,-1,0,0,-1,-1,-1,0,10,-1,-1,-1,0,0,-1,-1,-1,0,0,-1,-1,-1,0,10,-1,-1,-1,0,0,8,77,-1,0,10,-1,-1,-1,0,10,-1,-1,-1,0,0,-1,-1,-1,0,0,-1,-1,-1,0,0,-1,-1,-1,0,0,-1,-1,-1,0,0,-1,-1,-1,0,0,-1,-1,-1,0,0,-1,-1,-1,0,0,-1,-1,-1,0,0,-1,-1,-1,0,0,-1,-1,-1,0,0,-1,-1,-1,0,0,-1,-1,-1,0,0,-1,-1,-1,0,0,-1,-1,-1,0,0,-1,-1,-1,0,0,0,-1,-1,-1,0,10,-1,-1,-1,0,10,0,73,-1,0,20,-1,-1,-1,0,20,-1,-1,-1,0,0,-1,-1,-1,0,10,-1,-1,-1,0,0,-1,-1,-1,0,0,-1,-1,-1,0,10,-1,-1,-1,0,0,-1,-1,-1,0,10,-1,-1,-1,0,10,-1,-1,-1,0,0,-1,-1,-1,0,0,-1,-1,-1,0,0,-1,-1,-1,0,0,-1,-1,-1,0,0,7,77,-1,0,0,-1,-1,-1,0,0,-1,-1,-1,0,0,-1,-1,-1,0,0,-1,-1,-1,0,0,-1,-1,-1,0,0,-1,-1,-1,0,0,-1,-1,-1,0,0,-1,-1,-1,0,0,-1,-1,-1,0,0,-1,-1,-1,0,0,-1,-1,-1,0,0,-1,-1,-1,0,0,-1,-1,-1,0,0,-1,-1,-1,0,0,-1,-1,-1,0,0,-1,-1,-1,0,0,-1,-1,-1,0
0,0,6,59,-1,0,0,-1,-1,-1,0,0,-1,-1,-1,0,0,-1,-1,-1,0,0,-1,-1,-1,0,0,-1,-1,-1,0,0,-1,-1,-1,0,0,-1,-1,-1,0,0,-1,-1,-1,0,10,-1,-1,-1,0,0,-1,-1,-1,0,10,-1,-1,-1,0,0,-1,-1,-1,0,0,-1,-1,-1,0,0,-1,-1,-1,0,10,-1,-1,-1,0,10,-1,-1,-1,0,20,3,58,-1,0,10,-1,-1,-1,0,10,-1,-1,-1,0,0,-1,-1,-1,0,0,-1,-1,-1,0,10,-1,-1,-1,0,10,-1,-1,-1,0,20,-1,-1,-1,0,30,-1,-1,-1,0,10,-1,-1,-1,0,0,-1,-1,-1,0,10,-1,-1,-1,0,10,0,73,-1,0,20,-1,-1,-1,0,20,-1,-1,-1,0,0,-1,-1,-1,0,10,-1,-1,-1,0,0,-1,-1,-1,0,4,0,6,59,-1,0,0,-1,-1,-1,0,0,-1,-1,-1,0,0,-1,-1,-1,0,0,-1,-1,-1,0,0,-1,-1,-1,0,0,-1,-1,-1,0,0,-1,-1,-1,0,0,-1,-1,-1,0,10,-1,-1,-1,0,0,-1,-1,-1,0,10,-1,-1,-1,0,0,-1,-1,-1,0,0,-1,-1,-1,0,0,-1,-1,-1,0,10,-1,-1,-1,0,10,-1,-1,-1,0,0,23,58,-1,0,10,-1,-1,-1,0,10,-1,-1,-1,0,0,-1,-1,-1,0,0,-1,-1,-1,0,10,-1,-1,-1,0,10,-1,-1,-1,0,20,-1,-1,-1,0,30,-1,-1,-1,0,10,-1,-1,-1,0,0,-1,-1,-1,0,10,-1,-1,-1,0,10,0,73,-1,0,20,-1,-1,-1,0,20,-1,-1,-1,0,0,-1,-1,-1,0,10,-1,-1,-1,0,0,-1,-1,-1,0
2,0,-1,-1,-1,0,0,-1,-1,-1,0,0,-1,-1,-1,0,0,-1,-1,-1,0,0,-1,-1,-1,0,0,-1,-1,-1,0,0,-1,-1,-1,0,0,-1,-1,-1,0,0,-1,-1,-1,0,0,-1,-1,-1,0,0,-1,-1,-1,0,0,-1,-1,-1,0,0,-1,-1,-1,0,0,-1,-1,-1,0,0,-1,-1,-1,0,0,-1,-1,-1,0,0,-1,-1,-1,0,0,6,59,-1,0,0,-1,-1,-1,0,0,-1,-1,-1,0,0,-1,-1,-1,0,0,-1,-1,-1,0,0,-1,-1,-1,0,0,-1,-1,-1,0,0,-1,-1,-1,0,0,-1,-1,-1,0,10,-1,-1,-1,0,0,-1,-1,-1,0,0,-1,-1,-1,0,0,-1,-1,-1,0,0,-1,-1,-1,0,0,-1,-1,-1,0,10,-1,-1,-1,0,10,-1,-1,-1,0,0,23,58,-1,0,2,0,-1,-1,-1,0,0,-1,-1,-1,0,0,-1,-1,-1,0,0,-1,-1,-1,0,0,-1,-1,-1,0,0,-1,-1,-1,0,0,-1,-1,-1,0,0,-1,-1,-1,0,0,-1,-1,-1,0,0,-1,-1,-1,0,0,-1,-1,-1,0,0,-1,-1,-1,0,0,-1,-1,-1,0,0,-1,-1,-1,0,0,-1,-1,-1,0,0,-1,-1,-1,0,0,-1,-1,-1,0,0,5,59,-1,0,0,-1,-1,-1,0,0,-1,-1,-1,0,0,-1,-1,-1,0,0,-1,-1,-1,0,0,-1,-1,-1,0,0,-1,-1,-1,0,0,-1,-1,-1,0,10,-1,-1,-1,0,0,-1,-1,-1,0,10,-1,-1,-1,0,0,-1,-1,-1,0,0,-1,-1,-1,0,0,-1,-1,-1,0,10,-1,-1,-1,0,10,-1,-1,-1,0,0,23,58,-1,0,10,-1,-1,-1,0
3,0,-1,-1,-1,0,10,-1,-1,-1,0,10,0,73,-1,0,20,-1,-1,-1,0,20,-1,-1,-1,0,0,-1,-1,-1,0,10,-1,-1,-1,0,0,-1,-1,-1,0,0,-1,-1,-1,0,10,-1,-1,-1,0,0,-1,-1,-1,0,10,-1,-1,-1,0,10,-1,-1,-1,0,0,-1,-1,-1,0,0,-1,-1,-1,0,0,-1,-1,-1,0,0,-1,-1,-1,0,0,7,77,-1,0,0,-1,-1,-1,0,0,-1,-1,-1,0,0,-1,-1,-1,0,0,-1,-1,-1,0,0,-1,-1,-1,0,0,-1,-1,-1,0,0,-1,-1,-1,0,0,-1,-1,-1,0,0,-1,-1,-1,0,0,-1,-1,-1,0,0,-1,-1,-1,0,0,-1,-1,-1,0,0,-1,-1,-1,0,0,-1,-1,-1,0,0,-1,-1,-1,0,0,-1,-1,-1,0,0,-1,-1,-1,0,1,0,-1,-1,-1,0,0,-1,-1,-1,0,10,-1,-1,-1,0,10,-1,-1,-1,0,20,-1,-1,-1,0,30,-1,-1,-1,0,10,-1,-1,-1,0,0,-1,-1,-1,0,10,-1,-1,-1,0,10,0,73,-1,0,20,-1,-1,-1,0,20,-1,-1,-1,0,0,-1,-1,-1,0,10,-1,-1,-1,0,0,-1,-1,-1,0,0,-1,-1,-1,0,10,-1,-1,-1,0,0,6,77,-1,0,10,-1,-1,-1,0,10,-1,-1,-1,0,0,-1,-1,-1,0,0,-1,-1,-1,0,0,-1,-1,-1,0,0,-1,-1,-1,0,0,-1,-1,-1,0,0,-1,-1,-1,0,0,-1,-1,-1,0,0,-1,-1,-1,0,0,-1,-1,-1,0,0,-1,-1,-1,0,0,-1,-1,-1,0,0,-1,-1,-1,0,0,-1,-1,-1,0,0,-1,-1,-1,0,0,-1,-1,-1,0
0,0,-1,-1,-1,0,0,5,59,-1,0,0,-1,-1,-1,0,0,-1,-1,-1,0,0,-1,-1,-1,0,0,-1,-1,-1,0,0,-1,-1,-1,0,0,-1,-1,-1,0,0,-1,-1,-1,0,10,-1,-1,-1,0,0,-1,-1,-1,0,10,-1,-1,-1,0,0,-1,-1,-1,0,0,-1,-1,-1,0,0,-1,-1,-1,0,10,-1,-1,-1,0,10,-1,-1,-1,0,0,23,58,-1,0,10,-1,-1,-1,0,10,-1,-1,-1,0,0,-1,-1,-1,0,0,-1,-1,-1,0,10,-1,-1,-1,0,10,-1,-1,-1,0,20,-1,-1,-1,0,30,-1,-1,-1,0,10,-1,-1,-1,0,0,-1,-1,-1,0,10,-1,-1,-1,0,10,0,73,-1,0,20,-1,-1,-1,0,20,-1,-1,-1,0,0,-1,-1,-1,0,10,-1,-1,-1,0,0,-1,-1,-1,0,5,0,-1,-1,-1,0,0,5,59,-1,0,0,-1,-1,-1,0,0,-1,-1,-1,0,0,-1,-1,-1,0,0,-1,-1,-1,0,0,-1,-1,-1,0,0,-1,-1,-1,0,0,-1,-1,-1,0,10,-1,-1,-1,0,0,-1,-1,-1,0,10,-1,-1,-1,0,0,-1,-1,-1,0,0,-1,-1,-1,0,0,-1,-1,-1,0,10,-1,-1,-1,0,10,-1,-1,-1,0,0,12,69,-1,0,10,-1,-1,-1,0,10,-1,-1,-1,0,0,-1,-1,-1,0,0,-1,-1,-1,0,10,-1,-1,-1,0,10,-1,-1,-1,0,20,-1,-1,-1,0,30,-1,-1,-1,0,10,-1,-1,-1,0,0,-1,-1,-1,0,10,-1,-1,-1,0,10,0,73,-1,0,20,-1,-1,-1,0,20,-1,-1,-1,0,0,-1,-1,-1,0,10,-1,-1,-1,0,0,-1,-1,-1,0
2,0,-1,-1,-1,0,0,-1,-1,-1,0,0,-1,-1,-1,0,0,-1,-1,-1,0,0,-1,-1,-1,0,0,-1,-1,-1,0,0,-1,-1,-1,0,0,-1,-1,-1,0,0,-1,-1,-1,0,0,-1,-1,-1,0,0,-1,-1,-1,0,0,-1,-1,-1,0,0,-1,-1,-1,0,0,-1,-1,-1,0,0,-1,-1,-1,0,0,-1,-1,-1,0,0,-1,-1,-1,0,0,5,59,-1,0,0,-1,-1,-1,0,0,-1,-1,-1,0,0,-1,-1,-1,0,0,-1,-1,-1,0,0,-1,-1,-1,0,0,-1,-1,-1,0,0,-1,-1,-1,0,10,-1,-1,-1,0,0,-1,-1,-1,0,10,-1,-1,-1,0,0,-1,-1,-1,0,0,-1,-1,-1,0,0,-1,-1,-1,0,10,-1,-1,-1,0,10,-1,-1,-1,0,0,12,69,-1,0,10,-1,-1,-1,0,5,0,-1,-1,-1,0,0,-1,-1,-1,0,0,-1,-1,-1,0,0,-1,-1,-1,0,0,-1,-1,-1,0,0,-1,-1,-1,0,0,-1,-1,-1,0,0,-1,-1,-1,0,0,-1,-1,-1,0,0,-1,-1,-1,0,0,-1,-1,-1,0,0,-1,-1,-1,0,0,-1,-1,-1,0,0,-1,-1,-1,0,0,-1,-1,-1,0,0,-1,-1,-1,0,0,-1,-1,-1,0,0,3,61,-1,0,0,-1,-1,-1,0,0,-1,-1,-1,0,0,-1,-1,-1,0,0,-1,-1,-1,0,0,-1,-1,-1,0,0,-1,-1,-1,0,0,-1,-1,-1,0,10,-1,-1,-1,0,0,-1,-1,-1,0,10,-1,-1,-1,0,0,-1,-1,-1,0,0,-1,-1,-1,0,0,-1,-1,-1,0,10,-1,-1,-1,0,10,-1,-1,-1,0,0,12,69,-1,0,10,-1,-1,-1,0
3,0,-1,-1,-1,0,0,-1,-1,-1,0,10,-1,-1,-1,0,10,-1,-1,-1,0,20,-1,-1,-1,0,30,-1,-1,-1,0,10,-1,-1,-1,0,0,-1,-1,-1,0,10,-1,-1,-1,0,10,0,73,-1,0,20,-1,-1,-1,0,20,-1,-1,-1,0,0,-1,-1,-1,0,10,-1,-1,-1,0,0,-1,-1,-1,0,0,-1,-1,-1,0,10,-1,-1,-1,0,0,6,77,-1,0,10,-1,-1,-1,0,10,-1,-1,-1,0,0,-1,-1,-1,0,0,-1,-1,-1,0,0,-1,-1,-1,0,0,-1,-1,-1,0,0,-1,-1,-1,0,0,-1,-1,-1,0,0,-1,-1,-1,0,0,-1,-1,-1,0,0,-1,-1,-1,0,0,-1,-1,-1,0,0,-1,-1,-1,0,0,-1,-1,-1,0,0,-1,-1,-1,0,0,-1,-1,-1,0,0,-1,-1,-1,0,5,0,-1,-1,-1,0,0,-1,-1,-1,0,10,-1,-1,-1,0,10,-1,-1,-1,0,20,-1,-1,-1,0,30,-1,-1,-1,0,10,-1,-1,-1,0,0,-1,-1,-1,0,10,-1,-1,-1,0,10,0,73,-1,0,20,-1,-1,-1,0,20,-1,-1,-1,0,0,-1,-1,-1,0,10,-1,-1,-1,0,0,-1,-1,-1,0,0,-1,-1,-1,0,10,-1,-1,-1,0,0,3,80,-1,0,10,-1,-1,-1,0,10,-1,-1,-1,0,0,-1,-1,-1,0,0,-1,-1,-1,0,0,-1,-1,-1,0,0,-1,-1,-1,0,0,-1,-1,-1,0,0,-1,-1,-1,0,0,-1,-1,-1,0,0,-1,-1,-1,0,0,-1,-1,-1,0,0,-1,-1,-1,0,0,-1,-1,-1,0,0,-1,-1,-1,0,0,-1,-1,-1,0,0,-1,-1,-1,0,0,-1,-1,-1,0
0,0,-1,-1,-1,0,0,3,61,-1,0,0,-1,-1,-1,0,0,-1,-1,-1,0,0,-1,-1,-1,0,0,-1,-1,-1,0,0,-1,-1,-1,0,0,-1,-1,-1,0,0,-1,-1,-1,0,10,-1,-1,-1,0,0,-1,-1,-1,0,10,-1,-1,-1,0,0,-1,-1,-1,0,0,-1,-1,-1,0,0,-1,-1,-1,0,10,-1,-1,-1,0,10,-1,-1,-1,0,0,12,69,-1,0,10,-1,-1,-1,0,10,-1,-1,-1,0,0,-1,-1,-1,0,0,-1,-1,-1,0,10,-1,-1,-1,0,10,-1,-1,-1,0,20,-1,-1,-1,0,30,-1,-1,-1,0,10,-1,-1,-1,0,0,-1,-1,-1,0,10,-1,-1,-1,0,10,0,73,-1,0,20,-1,-1,-1,0,20,-1,-1,-1,0,0,-1,-1,-1,0,10,-1,-1,-1,0,0,-1,-1,-1,0,3,0,-1,-1,-1,0,0,-1,-1,-1,0,0,3,61,-1,0,0,-1,-1,-1,0,0,-1,-1,-1,0,0,-1,-1,-1,0,0,-1,-1,-1,0,0,-1,-1,-1,0,0,-1,-1,-1,0,0,-1,-1,-1,0,10,-1,-1,-1,0,0,-1,-1,-1,0,10,-1,-1,-1,0,0,-1,-1,-1,0,0,-1,-1,-1,0,0,-1,-1,-1,0,10,-1,-1,-1,0,10,11,69,-1,0,0,-1,-1,-1,0,10,-1,-1,-1,0,10,-1,-1,-1,0,0,-1,-1,-1,0,0,-1,-1,-1,0,10,-1,-1,-1,0,10,-1,-1,-1,0,20,-1,-1,-1,0,30,-1,-1,-1,0,10,-1,-1,-1,0,0,-1,-1,-1,0,10,-1,-1,-1,0,10,0,73,-1,0,20,-1,-1,-1,0,20,-1,-1,-1,0,0,-1,-1,-1,0,10,-1,-1,-1,0
2,0,-1,-1,-1,0,0,-1,-1,-1,0,0,-1,-1,-1,0,0,-1,-1,-1,0,0,-1,-1,-1,0,0,-1,-1,-1,0,0,-1,-1,-1,0,0,-1,-1,-1,0,0,-1,-1,-1,0,0,-1,-1,-1,0,0,-1,-1,-1,0,0,-1,-1,-1,0,0,-1,-1,-1,0,0,-1,-1,-1,0,0,-1,-1,-1,0,0,-1,-1,-1,0,0,-1,-1,-1,0,0,3,61,-1,0,0,-1,-1,-1,0,0,-1,-1,-1,0,0,-1,-1,-1,0,0,-1,-1,-1,0,0,-1,-1,-1,0,0,-1,-1,-1,0,0,-1,-1,-1,0,10,-1,-1,-1,0,0,-1,-1,-1,0,10,-1,-1,-1,0,0,-1,-1,-1,0,0,-1,-1,-1,0,0,-1,-1,-1,0,10,-1,-1,-1,0,10,11,69,-1,0,0,-1,-1,-1,0,10,-1,-1,-1,0,5,0,-1,-1,-1,0,0,-1,-1,-1,0,0,-1,-1,-1,0,0,-1,-1,-1,0,0,-1,-1,-1,0,0,-1,-1,-1,0,0,-1,-1,-1,0,0,-1,-1,-1,0,0,-1,-1,-1,0,0,-1,-1,-1,0,0,-1,-1,-1,0,0,-1,-1,-1,0,0,-1,-1,-1,0,0,-1,-1,-1,0,0,-1,-1,-1,0,0,-1,-1,-1,0,0,-1,-1,-1,0,0,2,62,-1,0,0,-1,-1,-1,0,0,-1,-1,-1,0,0,-1,-1,-1,0,0,-1,-1,-1,0,0,-1,-1,-1,0,0,-1,-1,-1,0,0,-1,-1,-1,0,10,-1,-1,-1,0,0,-1,-1,-1,0,10,-1,-1,-1,0,0,-1,-1,-1,0,0,-1,-1,-1,0,0,-1,-1,-1,0,10,-1,-1,-1,0,10,11,69,-1,0,0,-1,-1,-1,0,10,-1,-1,-1,0
3,0,-1,-1,-1,0,0,-1,-1,-1,0,10,-1,-1,-1,0,10,-1,-1,-1,0,20,-1,-1,-1,0,30,-1,-1,-1,0,10,-1,-1,-1,0,0,-1,-1,-1,0,10,-1,-1,-1,0,10,0,73,-1,0,20,-1,-1,-1,0,20,-1,-1,-1,0,0,-1,-1,-1,0,10,-1,-1,-1,0,0,-1,-1,-1,0,0,-1,-1,-1,0,10,-1,-1,-1,0,0,3,80,-1,0,10,-1,-1,-1,0,10,-1,-1,-1,0,0,-1,-1,-1,0,0,-1,-1,-1,0,0,-1,-1,-1,0,0,-1,-1,-1,0,0,-1,-1,-1,0,0,-1,-1,-1,0,0,-1,-1,-1,0,0,-1,-1,-1,0,0,-1,-1,-1,0,0,-1,-1,-1,0,0,-1,-1,-1,0,0,-1,-1,-1,0,0,-1,-1,-1,0,0,-1,-1,-1,0,0,-1,-1,-1,0,5,0,-1,-1,-1,0,0,-1,-1,-1,0,10,-1,-1,-1,0,10,-1,-1,-1,0,20,-1,-1,-1,0,30,-1,-1,-1,0,10,-1,-1,-1,0,0,-1,-1,-1,0,10,-1,-1,-1,0,10,0,73,-1,0,20,-1,-1,-1,0,20,-1,-1,-1,0,0,-1,-1,-1,0,10,-1,-1,-1,0,0,-1,-1,-1,0,0,-1,-1,-1,0,10,-1,-1,-1,0,0,2,81,-1,0,10,-1,-1,-1,0,10,-1,-1,-1,0,0,-1,-1,-1,0,0,-1,-1,-1,0,0,-1,-1,-1,0,0,-1,-1,-1,0,0,-1,-1,-1,0,0,-1,-1,-1,0,0,-1,-1,-1,0,0,-1,-1,-1,0,0,-1,-1,-1,0,0,-1,-1,-1,0,0,-1,-1,-1,0,0,-1,-1,-1,0,0,-1,-1,-1,0,0,-1,-1,-1,0,0,-1,-1,-1,0
0,0,-1,-1,-1,0,0,-1,-1,-1,0,0,2,62,-1,0,0,-1,-1,-1,0,0,-1,-1,-1,0,0,-1,-1,-1,0,0,-1,-1,-1,0,0,-1,-1,-1,0,0,-1,-1,-1,0,0,-1,-1,-1,0,10,-1,-1,-1,0,0,-1,-1,-1,0,10,-1,-1,-1,0,0,-1,-1,-1,0,0,-1,-1,-1,0,0,-1,-1,-1,0,10,-1,-1,-1,0,10,11,69,-1,0,0,-1,-1,-1,0,10,-1,-1,-1,0,10,-1,-1,-1,0,0,-1,-1,-1,0,0,-1,-1,-1,0,10,-1,-1,-1,0,10,-1,-1,-1,0,20,-1,-1,-1,0,30,-1,-1,-1,0,10,-1,-1,-1,0,0,-1,-1,-1,0,10,-1,-1,-1,0,10,0,73,-1,0,20,-1,-1,-1,0,20,-1,-1,-1,0,0,-1,-1,-1,0,10,-1,-1,-1,0,2,0,-1,-1,-1,0,0,2,62,-1,0,0,-1,-1,-1,0,0,-1,-1,-1,0,0,-1,-1,-1,0,0,-1,-1,-1,0,0,-1,-1,-1,0,0,-1,-1,-1,0,0,-1,-1,-1,0,10,-1,-1,-1,0,0,-1,-1,-1,0,10,-1,-1,-1,0,0,-1,-1,-1,0,0,-1,-1,-1,0,0,-1,-1,-1,0,10,-1,-1,-1,0,10,-1,-1,-1,0,0,10,69,-1,0,10,-1,-1,-1,0,10,-1,-1,-1,0,0,-1,-1,-1,0,0,-1,-1,-1,0,10,-1,-1,-1,0,10,-1,-1,-1,0,20,-1,-1,-1,0,30,-1,-1,-1,0,10,-1,-1,-1,0,0,-1,-1,-1,0,10,-1,-1,-1,0,10,0,73,-1,0,20,-1,-1,-1,0,20,-1,-1,-1,0,0,-1,-1,-1,0,10,-1,-1,-1,0,0,-1,-1,-1,0
2,0,-1,-1,-1,0,0,-1,-1,-1,0,0,-1,-1,-1,0,0,-1,-1,-1,0,0,-1,-1,-1,0,0,-1,-1,-1,0,0,-1,-1,-1,0,0,-1,-1,-1,0,0,-1,-1,-1,0,0,-1,-1,-1,0,0,-1,-1,-1,0,0,-1,-1,-1,0,0,-1,-1,-1,0,0,-1,-1,-1,0,0,-1,-1,-1,0,0,-1,-1,-1,0,0,-1,-1,-1,0,0,2,62,-1,0,0,-1,-1,-1,0,0,-1,-1,-1,0,0,-1,-1,-1,0,0,-1,-1,-1,0,0,-1,-1,-1,0,0,-1,-1,-1,0,0,-1,-1,-1,0,10,-1,-1,-1,0,0,-1,-1,-1,0,10,-1,-1,-1,0,0,-1,-1,-1,0,0,-1,-1,-1,0,0,-1,-1,-1,0,10,-1,-1,-1,0,10,-1,-1,-1,0,0,10,69,-1,0,10,-1,-1,-1,0,1,0,-1,-1,-1,0,0,-1,-1,-1,0,0,-1,-1,-1,0,0,-1,-1,-1,0,0,-1,-1,-1,0,0,-1,-1,-1,0,0,-1,-1,-1,0,0,-1,-1,-1,0,0,-1,-1,-1,0,0,-1,-1,-1,0,0,-1,-1,-1,0,0,-1,-1,-1,0,0,-1,-1,-1,0,0,-1,-1,-1,0,0,-1,-1,-1,0,0,-1,-1,-1,0,0,-1,-1,-1,0,0,1,62,-1,0,0,-1,-1,-1,0,0,-1,-1,-1,0,0,-1,-1,-1,0,0,-1,-1,-1,0,0,-1,-1,-1,0,0,-1,-1,-1,0,0,-1,-1,-1,0,0,-1,-1,-1,0,0,-1,-1,-1,0,0,-1,-1,-1,0,0,-1,-1,-1,0,0,-1,-1,-1,0,0,-1,-1,-1,0,0,-1,-1,-1,0,10,-1,-1,-1,0,0,-1,-1,-1,0,10,-1,-1,-1,0
3,0,-1,-1,-1,0,0,-1,-1,-1,0,10,-1,-1,-1,0,10,-1,-1,-1,0,20,-1,-1,-1,0,30,-1,-1,-1,0,10,-1,-1,-1,0,0,-1,-1,-1,0,10,-1,-1,-1,0,10,0,73,-1,0,20,-1,-1,-1,0,20,-1,-1,-1,0,0,-1,-1,-1,0,10,-1,-1,-1,0,0,-1,-1,-1,0,0,-1,-1,-1,0,10,-1,-1,-1,0,0,2,81,-1,0,10,-1,-1,-1,0,10,-1,-1,-1,0,0,-1,-1,-1,0,0,-1,-1,-1,0,0,-1,-1,-1,0,0,-1,-1,-1,0,0,-1,-1,-1,0,0,-1,-1,-1,0,0,-1,-1,-1,0,0,-1,-1,-1,0,0,-1,-1,-1,0,0,-1,-1,-1,0,0,-1,-1,-1,0,0,-1,-1,-1,0,0,-1,-1,-1,0,0,-1,-1,-1,0,0,-1,-1,-1,0,5,0,-1,-1,-1,0,0,-1,-1,-1,0,10,-1,-1,-1,0,10,-1,-1,-1,0,20,-1,-1,-1,0,30,-1,-1,-1,0,10,-1,-1,-1,0,0,-1,-1,-1,0,10,-1,-1,-1,0,10,0,73,-1,0,20,-1,-1,-1,0,20,-1,-1,-1,0,0,-1,-1,-1,0,10,-1,-1,-1,0,0,-1,-1,-1,0,0,-1,-1,-1,0,10,-1,-1,-1,0,0,1,82,-1,0,10,-1,-1,-1,0,10,-1,-1,-1,0,0,-1,-1,-1,0,0,-1,-1,-1,0,0,-1,-1,-1,0,0,-1,-1,-1,0,0,-1,-1,-1,0,0,-1,-1,-1,0,0,-1,-1,-1,0,0,-1,-1,-1,0,0,-1,-1,-1,0,0,-1,-1,-1,0,0,-1,-1,-1,0,0,-1,-1,-1,0,0,-1,-1,-1,0,0,-1,-1,-1,0,0,-1,-1,-1,0
0,0,-1,-1,-1,0,0,-1,-1,-1,0,0,-1,-1,-1,0,0,-1,-1,-1,0,0,-1,-1,-1,0,0,-1,-1,-1,0,0,-1,-1,-1,0,0,-1,-1,-1,0,0,-1,-1,-1,0,10,-1,-1,-1,0,0,-1,-1,-1,0,10,-1,-1,-1,0,0,-1,-1,-1,0,0,-1,-1,-1,0,0,-1,-1,-1,0,10,-1,-1,-1,0,10,-1,-1,-1,0,0,10,69,-1,0,10,-1,-1,-1,0,10,-1,-1,-1,0,0,-1,-1,-1,0,0,-1,-1,-1,0,10,-1,-1,-1,0,10,-1,-1,-1,0,20,-1,-1,-1,0,30,-1,-1,-1,0,10,-1,-1,-1,0,0,-1,-1,-1,0,10,-1,-1,-1,0,10,0,73,-1,0,20,-1,-1,-1,0,20,-1,-1,-1,0,0,-1,-1,-1,0,10,-1,-1,-1,0,0,-1,-1,-1,0,5,0,-1,-1,-1,0,0,-1,-1,-1,0,0,-1,-1,-1,0,0,-1,-1,-1,0,0,-1,-1,-1,0,0,-1,-1,-1,0,0,-1,-1,-1,0,0,-1,-1,-1,0,0,-1,-1,-1,0,10,-1,-1,-1,0,0,-1,-1,-1,0,10,-1,-1,-1,0,0,-1,-1,-1,0,0,-1,-1,-1,0,0,-1,-1,-1,0,10,-1,-1,-1,0,10,-1,-1,-1,0,0,5,74,-1,0,10,-1,-1,-1,0,10,-1,-1,-1,0,0,-1,-1,-1,0,0,-1,-1,-1,0,10,-1,-1,-1,0,10,-1,-1,-1,0,20,-1,-1,-1,0,30,-1,-1,-1,0,10,-1,-1,-1,0,0,-1,-1,-1,0,10,-1,-1,-1,0,10,0,73,-1,0,20,-1,-1,-1,0,20,-1,-1,-1,0,0,-1,-1,-1,0,10,-1,-1,-1,0,0,-1,-1,-1,0
2,0,-1,-1,-1,0,0,-1,-1,-1,0,0,-1,-1,-1,0,0,-1,-1,-1,0,0,-1,-1,-1,0,0,-1,-1,-1,0,0,-1,-1,-1,0,0,-1,-1,-1,0,0,-1,-1,-1,0,0,-1,-1,-1,0,0,-1,-1,-1,0,0,-1,-1,-1,0,0,-1,-1,-1,0,0,-1,-1,-1,0,0,-1,-1,-1,0,0,-1,-1,-1,0,0,-1,-1,-1,0,0,1,62,-1,0,0,-1,-1,-1,0,0,-1,-1,-1,0,0,-1,-1,-1,0,0,-1,-1,-1,0,0,-1,-1,-1,0,0,-1,-1,-1,0,0,-1,-1,-1,0,0,-1,-1,-1,0,0,-1,-1,-1,0,0,-1,-1,-1,0,0,-1,-1,-1,0,0,-1,-1,-1,0,0,-1,-1,-1,0,0,-1,-1,-1,0,10,-1,-1,-1,0,0,-1,-1,-1,0,10,-1,-1,-1,0,2,0,-1,-1,-1,0,0,-1,-1,-1,0,0,-1,-1,-1,0,0,-1,-1,-1,0,0,-1,-1,-1,0,0,-1,-1,-1,0,0,-1,-1,-1,0,0,-1,-1,-1,0,0,-1,-1,-1,0,0,-1,-1,-1,0,0,-1,-1,-1,0,0,-1,-1,-1,0,0,-1,-1,-1,0,0,-1,-1,-1,0,0,-1,-1,-1,0,0,-1,-1,-1,0,0,-1,-1,-1,0,0,0,62,-1,0,0,-1,-1,-1,0,0,-1,-1,-1,0,0,-1,-1,-1,0,0,-1,-1,-1,0,0,-1,-1,-1,0,0,-1,-1,-1,0,0,-1,-1,-1,0,0,-1,-1,-1,0,0,-1,-1,-1,0,0,-1,-1,-1,0,0,-1,-1,-1,0,0,-1,-1,-1,0,0,-1,-1,-1,0,10,-1,-1,-1,0,0,-1,-1,-1,0,10,-1,-1,-1,0,0,-1,-1,-1,0
3,0,-1,-1,-1,0,0,-1,-1,-1,0,10,-1,-1,-1,0,10,-1,-1,-1,0,20,-1,-1,-1,0,30,-1,-1,-1,0,10,-1,-1,-1,0,0,-1,-1,-1,0,10,-1,-1,-1,0,10,0,73,-1,0,20,-1,-1,-1,0,20,-1,-1,-1,0,0,-1,-1,-1,0,10,-1,-1,-1,0,0,-1,-1,-1,0,0,-1,-1,-1,0,10,-1,-1,-1,0,0,1,82,-1,0,10,-1,-1,-1,0,10,-1,-1,-1,0,0,-1,-1,-1,0,0,-1,-1,-1,0,0,-1,-1,-1,0,0,-1,-1,-1,0,0,-1,-1,-1,0,0,-1,-1,-1,0,0,-1,-1,-1,0,0,-1,-1,-1,0,0,-1,-1,-1,0,0,-1,-1,-1,0,0,-1,-1,-1,0,0,-1,-1,-1,0,0,-1,-1,-1,0,0,-1,-1,-1,0,0,-1,-1,-1,0,2,0,-1,-1,-1,0,10,-1,-1,-1,0,10,-1,-1,-1,0,20,-1,-1,-1,0,30,-1,-1,-1,0,10,-1,-1,-1,0,0,-1,-1,-1,0,10,-1,-1,-1,0,10,0,73,-1,0,20,-1,-1,-1,0,20,-1,-1,-1,0,0,-1,-1,-1,0,10,-1,-1,-1,0,0,-1,-1,-1,0,0,-1,-1,-1,0,10,-1,-1,-1,0,0,-1,-1,-1,0,10,0,82,-1,0,10,-1,-1,-1,0,0,-1,-1,-1,0,0,-1,-1,-1,0,0,-1,-1,-1,0,0,-1,-1,-1,0,0,-1,-1,-1,0,0,-1,-1,-1,0,0,-1,-1,-1,0,0,-1,-1,-1,0,0,-1,-1,-1,0,0,-1,-1,-1,0,0,-1,-1,-1,0,0,-1,-1,-1,0,0,-1,-1,-1,0,0,-1,-1,-1,0,0,-1,-1,-1,0,0,-1,-1,-1,0
0,0,-1,-1,-1,0,0,-1,-1,-1,0,0,-1,-1,-1,0,0,-1,-1,-1,0,0,-1,-1,-1,0,0,-1,-1,-1,0,0,-1,-1,-1,0,0,-1,-1,-1,0,0,-1,-1,-1,0,10,-1,-1,-1,0,0,-1,-1,-1,0,10,-1,-1,-1,0,0,-1,-1,-1,0,0,-1,-1,-1,0,0,-1,-1,-1,0,10,-1,-1,-1,0,10,-1,-1,-1,0,0,5,74,-1,0,10,-1,-1,-1,0,10,-1,-1,-1,0,0,-1,-1,-1,0,0,-1,-1,-1,0,10,-1,-1,-1,0,10,-1,-1,-1,0,20,-1,-1,-1,0,30,-1,-1,-1,0,10,-1,-1,-1,0,0,-1,-1,-1,0,10,-1,-1,-1,0,10,0,73,-1,0,20,-1,-1,-1,0,20,-1,-1,-1,0,0,-1,-1,-1,0,10,-1,-1,-1,0,0,-1,-1,-1,0,0,0,-1,-1,-1,0,0,-1,-1,-1,0,10,-1,-1,-1,0,0,-1,-1,-1,0,10,-1,-1,-1,0,0,-1,-1,-1,0,0,-1,-1,-1,0,0,-1,-1,-1,0,10,-1,-1,-1,0,10,-1,-1,-1,0,0,-1,-1,-1,0,10,-1,-1,-1,0,10,-1,-1,-1,0,0,-1,-1,-1,0,0,-1,-1,-1,0,10,-1,-1,-1,0,10,-1,-1,-1,0,20,4,74,-1,0,30,-1,-1,-1,0,10,-1,-1,-1,0,0,-1,-1,-1,0,10,-1,-1,-1,0,10,0,73,-1,0,20,-1,-1,-1,0,20,-1,-1,-1,0,0,-1,-1,-1,0,10,-1,-1,-1,0,0,-1,-1,-1,0,0,-1,-1,-1,0,10,-1,-1,-1,0,0,-1,-1,-1,0,10,0,82,-1,0,10,-1,-1,-1,0,0,-1,-1,-1,0,0,-1,-1,-1,0
0,0,-1,-1,-1,0,0,-1,-1,-1,0,10,-1,-1,-1,0,0,-1,-1,-1,0,10,-1,-1,-1,0,0,-1,-1,-1,0,0,-1,-1,-1,0,0,-1,-1,-1,0,10,-1,-1,-1,0,10,-1,-1,-1,0,0,-1,-1,-1,0,10,-1,-1,-1,0,10,-1,-1,-1,0,0,-1,-1,-1,0,0,-1,-1,-1,0,10,-1,-1,-1,0,10,-1,-1,-1,0,20,4,74,-1,0,30,-1,-1,-1,0,10,-1,-1,-1,0,0,-1,-1,-1,0,10,-1,-1,-1,0,10,0,73,-1,0,20,-1,-1,-1,0,20,-1,-1,-1,0,0,-1,-1,-1,0,10,-1,-1,-1,0,0,-1,-1,-1,0,0,-1,-1,-1,0,10,-1,-1,-1,0,0,-1,-1,-1,0,10,0,82,-1,0,10,-1,-1,-1,0,0,-1,-1,-1,0,0,-1,-1,-1,0,1,0,-1,-1,-1,0,0,-1,-1,-1,0,0,-1,-1,-1,0,0,-1,-1,-1,0,0,-1,-1,-1,0,0,-1,-1,-1,0,0,-1,-1,-1,0,0,-1,-1,-1,0,0,-1,-1,-1,0,10,-1,-1,-1,0,0,-1,-1,-1,0,10,-1,-1,-1,0,0,-1,-1,-1,0,0,-1,-1,-1,0,0,-1,-1,-1,0,10,-1,-1,-1,0,10,-1,-1,-1,0,0,3,74,-1,0,10,-1,-1,-1,0,10,-1,-1,-1,0,0,-1,-1,-1,0,0,-1,-1,-1,0,10,-1,-1,-1,0,10,-1,-1,-1,0,20,-1,-1,-1,0,30,-1,-1,-1,0,10,-1,-1,-1,0,0,-1,-1,-1,0,10,-1,-1,-1,0,10,0,73,-1,0,20,-1,-1,-1,0,20,-1,-1,-1,0,0,-1,-1,-1,0,10,-1,-1,-1,0,0,-1,-1,-1,0
0,0,-1,-1,-1,0,0,-1,-1,-1,0,0,-1,-1,-1,0,0,-1,-1,-1,0,0,-1,-1,-1,0,0,-1,-1,-1,0,0,-1,-1,-1,0,0,-1,-1,-1,0,0,-1,-1,-1,0,10,-1,-1,-1,0,0,-1,-1,-1,0,10,-1,-1,-1,0,0,-1,-1,-1,0,0,-1,-1,-1,0,0,-1,-1,-1,0,10,-1,-1,-1,0,10,-1,-1,-1,0,0,3,74,-1,0,10,-1,-1,-1,0,10,-1,-1,-1,0,0,-1,-1,-1,0,0,-1,-1,-1,0,10,-1,-1,-1,0,10,-1,-1,-1,0,20,-1,-1,-1,0,30,-1,-1,-1,0,10,-1,-1,-1,0,0,-1,-1,-1,0,10,-1,-1,-1,0,10,0,73,-1,0,20,-1,-1,-1,0,20,-1,-1,-1,0,0,-1,-1,-1,0,10,-1,-1,-1,0,0,-1,-1,-1,0,0,0,-1,-1,-1,0,0,-1,-1,-1,0,10,-1,-1,-1,0,0,-1,-1,-1,0,10,-1,-1,-1,0,0,-1,-1,-1,0,0,-1,-1,-1,0,0,-1,-1,-1,0,10,-1,-1,-1,0,10,-1,-1,-1,0,0,-1,-1,-1,0,10,-1,-1,-1,0,10,-1,-1,-1,0,0,-1,-1,-1,0,0,-1,-1,-1,0,10,-1,-1,-1,0,10,-1,-1,-1,0,20,2,74,-1,0,30,-1,-1,-1,0,10,-1,-1,-1,0,0,-1,-1,-1,0,10,-1,-1,-1,0,10,0,73,-1,0,20,-1,-1,-1,0,20,-1,-1,-1,0,0,-1,-1,-1,0,10,-1,-1,-1,0,0,-1,-1,-1,0,0,-1,-1,-1,0,10,-1,-1,-1,0,0,-1,-1,-1,0,10,0,82,-1,0,10,-1,-1,-1,0,0,-1,-1,-1,0,0,-1,-1,-1,0
0,0,-1,-1,-1,0,0,-1,-1,-1,0,10,-1,-1,-1,0,0,-1,-1,-1,0,10,-1,-1,-1,0,0,-1,-1,-1,0,0,-1,-1,-1,0,0,-1,-1,-1,0,10,-1,-1,-1,0,10,-1,-1,-1,0,0,-1,-1,-1,0,10,-1,-1,-1,0,10,-1,-1,-1,0,0,-1,-1,-1,0,0,-1,-1,-1,0,10,-1,-1,-1,0,10,-1,-1,-1,0,20,2,74,-1,0,30,-1,-1,-1,0,10,-1,-1,-1,0,0,-1,-1,-1,0,10,-1,-1,-1,0,10,0,73,-1,0,20,-1,-1,-1,0,20,-1,-1,-1,0,0,-1,-1,-1,0,10,-1,-1,-1,0,0,-1,-1,-1,0,0,-1,-1,-1,0,10,-1,-1,-1,0,0,-1,-1,-1,0,10,0,82,-1,0,10,-1,-1,-1,0,0,-1,-1,-1,0,0,-1,-1,-1,0,0,0,-1,-1,-1,0,10,-1,-1,-1,0,10,-1,-1,-1,0,0,-1,-1,-1,0,10,-1,-1,-1,0,10,-1,-1,-1,0,0,-1,-1,-1,0,0,-1,-1,-1,0,10,-1,-1,-1,0,10,-1,-1,-1,0,20,-1,-1,-1,0,30,-1,-1,-1,0,10,-1,-1,-1,0,0,-1,-1,-1,0,10,-1,-1,-1,0,10,0,73,-1,0,20,-1,-1,-1,0,20,1,74,-1,0,0,-1,-1,-1,0,10,-1,-1,-1,0,0,-1,-1,-1,0,0,-1,-1,-1,0,10,-1,-1,-1,0,0,-1,-1,-1,0,10,0,82,-1,0,10,-1,-1,-1,0,0,-1,-1,-1,0,0,-1,-1,-1,0,0,-1,-1,-1,0,0,-1,-1,-1,0,0,-1,-1,-1,0,0,-1,-1,-1,0,0,-1,-1,-1,0,0,-1,-1,-1,0,0,-1,-1,-1,0
0,0,-1,-1,-1,0,10,-1,-1,-1,0,10,-1,-1,-1,0,0,-1,-1,-1,0,10,-1,-1,-1,0,10,-1,-1,-1,0,0,-1,-1,-1,0,0,-1,-1,-1,0,10,-1,-1,-1,0,10,-1,-1,-1,0,20,-1,-1,-1,0,30,-1,-1,-1,0,10,-1,-1,-1,0,0,-1,-1,-1,0,10,-1,-1,-1,0,10,0,73,-1,0,20,-1,-1,-1,0,20,1,74,-1,0,0,-1,-1,-1,0,10,-1,-1,-1,0,0,-1,-1,-1,0,0,-1,-1,-1,0,10,-1,-1,-1,0,0,-1,-1,-1,0,10,0,82,-1,0,10,-1,-1,-1,0,0,-1,-1,-1,0,0,-1,-1,-1,0,0,-1,-1,-1,0,0,-1,-1,-1,0,0,-1,-1,-1,0,0,-1,-1,-1,0,0,-1,-1,-1,0,0,-1,-1,-1,0,0,-1,-1,-1,0,4,0,-1,-1,-1,0,10,-1,-1,-1,0,10,-1,-1,-1,0,0,-1,-1,-1,0,10,-1,-1,-1,0,10,-1,-1,-1,0,0,-1,-1,-1,0,0,-1,-1,-1,0,10,-1,-1,-1,0,10,-1,-1,-1,0,20,-1,-1,-1,0,30,-1,-1,-1,0,10,-1,-1,-1,0,0,-1,-1,-1,0,10,-1,-1,-1,0,10,0,73,-1,0,20,-1,-1,-1,0,0,21,74,-1,0,0,-1,-1,-1,0,10,-1,-1,-1,0,0,-1,-1,-1,0,0,-1,-1,-1,0,10,-1,-1,-1,0,0,-1,-1,-1,0,10,0,82,-1,0,10,-1,-1,-1,0,0,-1,-1,-1,0,0,-1,-1,-1,0,0,-1,-1,-1,0,0,-1,-1,-1,0,0,-1,-1,-1,0,0,-1,-1,-1,0,0,-1,-1,-1,0,0,-1,-1,-1,0,0,-1,-1,-1,0
0,0,-1,-1,-1,0,10,-1,-1,-1,0,10,-1,-1,-1,0,0,-1,-1,-1,0,10,-1,-1,-1,0,10,-1,-1,-1,0,0,-1,-1,-1,0,0,-1,-1,-1,0,10,-1,-1,-1,0,10,-1,-1,-1,0,20,-1,-1,-1,0,30,-1,-1,-1,0,10,-1,-1,-1,0,0,-1,-1,-1,0,10,-1,-1,-1,0,10,0,73,-1,0,20,-1,-1,-1,0,0,21,74,-1,0,0,-1,-1,-1,0,10,-1,-1,-1,0,0,-1,-1,-1,0,0,-1,-1,-1,0,10,-1,-1,-1,0,0,-1,-1,-1,0,10,0,82,-1,0,10,-1,-1,-1,0,0,-1,-1,-1,0,0,-1,-1,-1,0,0,-1,-1,-1,0,0,-1,-1,-1,0,0,-1,-1,-1,0,0,-1,-1,-1,0,0,-1,-1,-1,0,0,-1,-1,-1,0,0,-1,-1,-1,0,6,0,-1,-1,-1,0,10,-1,-1,-1,0,10,-1,-1,-1,0,0,-1,-1,-1,0,10,-1,-1,-1,0,10,-1,-1,-1,0,0,-1,-1,-1,0,0,-1,-1,-1,0,10,-1,-1,-1,0,10,-1,-1,-1,0,30,-1,-1,-1,0,30,-1,-1,-1,0,10,-1,-1,-1,0,0,-1,-1,-1,0,10,-1,-1,-1,0,10,0,73,-1,0,30,-1,-1,-1,0,10,1,74,-1,0,10,-1,-1,-1,0,10,-1,-1,-1,0,0,-1,-1,-1,0,0,-1,-1,-1,0,10,-1,-1,-1,0,0,-1,-1,-1,0,20,0,82,-1,0,10,-1,-1,-1,0,0,-1,-1,-1,0,0,-1,-1,-1,0,0,-1,-1,-1,0,0,-1,-1,-1,0,0,-1,-1,-1,0,0,-1,-1,-1,0,0,-1,-1,-1,0,0,-1,-1,-1,0,0,-1,-1,-1,0
0,0,-1,-1,-1,0,10,-1,-1,-1,0,10,-1,-1,-1,0,0,-1,-1,-1,0,10,-1,-1,-1,0,10,-1,-1,-1,0,0,-1,-1,-1,0,0,-1,-1,-1,0,10,-1,-1,-1,0,10,-1,-1,-1,0,30,-1,-1,-1,0,30,-1,-1,-1,0,10,-1,-1,-1,0,0,-1,-1,-1,0,10,-1,-1,-1,0,10,0,73,-1,0,30,-1,-1,-1,0,10,1,74,-1,0,10,-1,-1,-1,0,10,-1,-1,-1,0,0,-1,-1,-1,0,0,-1,-1,-1,0,10,-1,-1,-1,0,0,-1,-1,-1,0,20,0,82,-1,0,10,-1,-1,-1,0,0,-1,-1,-1,0,0,-1,-1,-1,0,0,-1,-1,-1,0,0,-1,-1,-1,0,0,-1,-1,-1,0,0,-1,-1,-1,0,0,-1,-1,-1,0,0,-1,-1,-1,0,0,-1,-1,-1,0,0,0,-1,-1,-1,0,10,-1,-1,-1,0,10,-1,-1,-1,0,30,-1,-1,-1,0,30,-1,-1,-1,0,10,-1,-1,-1,0,0,-1,-1,-1,0,10,-1,-1,-1,0,10,0,73,-1,0,30,-1,-1,-1,0,10,-1,-1,-1,0,10,-1,-1,-1,0,10,-1,-1,-1,0,0,-1,-1,-1,0,0,-1,-1,-1,0,10,-1,-1,-1,0,0,-1,-1,-1,0,20,0,74,0,82,10,-1,-1,-1,0,0,-1,-1,-1,0,0,-1,-1,-1,0,0,-1,-1,-1,0,0,-1,-1,-1,0,0,-1,-1,-1,0,0,-1,-1,-1,0,0,-1,-1,-1,0,0,-1,-1,-1,0,0,-1,-1,-1,0,0,-1,-1,-1,0,0,-1,-1,-1,0,0,-1,-1,-1,0,0,-1,-1,-1,0,0,-1,-1,-1,0,0,-1,-1,-1,0,0,-1,-1,-1,0
